"Review","k","REML_est","REML_se","REML_tau2","FE_est","SYNTHESIS_est","SYNTHESIS_se","Abs_diff","SYN_covers_REML","REML_sig","SYN_sig","Sig_agree","CI_width_REML","CI_width_SYN"
"CD000028_pub4",36,-0.124755687489753,0.0334285745350271,0.00577622038761437,-0.124985760048359,-0.115720248406193,0.0722357530736733,0.00903543908355912,TRUE,TRUE,FALSE,FALSE,0.131037604286332,0.283158948841056
"CD000143_pub2",47,-0.777236490680725,0.14670208545183,0.58753645542427,-0.723199364276423,-0.344980065507527,0.340293450453515,0.432256425173197,TRUE,TRUE,FALSE,FALSE,0.575061607885009,1.33392581412751
"CD000219_pub5",27,-0.391475083466115,0.0750557476607824,0.0319299507537542,-0.388865074044557,-0.183082063675073,0.221273876266091,0.208393019791042,TRUE,TRUE,FALSE,FALSE,0.29421312449572,0.867377656402223
"CD000478_pub5",32,-0.851654814332434,0.13569744787161,3.10127064718006e-06,-0.851654384181691,-1.01211473203985,0.445367234619706,0.160459917707421,TRUE,TRUE,TRUE,TRUE,0.531924221244712,1.74580747949765
"CD000547_pub3",28,0.0655894329313119,0.382041719290831,0,0.0655894329313119,-2.42047046319204,5.13883991396918,2.48605989612336,TRUE,FALSE,FALSE,TRUE,1.49757602080358,20.143882307393
"CD001155_pub3",182,-0.316167229164469,0.0677867021407784,0.118685331740648,-0.305990127976712,-0.233234879207848,0.106384804053027,0.0829323499566205,TRUE,TRUE,TRUE,TRUE,0.26571898965334,0.417020768892566
"CD001321_pub7",103,-0.448045051901525,0.0609011866895934,0.169125802529617,-0.343610517750973,-0.404034680469357,0.119647689627561,0.0440103714321687,TRUE,TRUE,TRUE,TRUE,0.238728265054707,0.46901032500689
"CD001396_pub4",49,-0.331325519568692,0.196976934285109,0,-0.331325519568692,-0.293576525982234,0.268971118435167,0.0377489935864581,TRUE,FALSE,FALSE,TRUE,0.772135393967853,1.05434741002877
"CD001431_pub6",437,0.0878065725772917,0.0579713011269531,0.562929254600842,0.240283915479975,0.0876072275333571,0.0710937536794699,0.000199345043934596,TRUE,FALSE,FALSE,TRUE,0.227243324691509,0.278682393475046
"CD001533_pub7",43,-0.498206048195156,0.134982243891319,0.359272423323503,-0.327308371544693,-0.429403634309079,0.262422830961429,0.0688024138860763,TRUE,TRUE,FALSE,FALSE,0.529120673158772,1.02867859481089
"CD001552_pub3",10,-0.147931462470402,0.501146267260136,1.59068138037703,0.273151073532721,0.099450503172848,0.787192327242684,0.24738196564325,TRUE,FALSE,FALSE,TRUE,1.9644572696331,3.08573722060386
"CD001703_pub4",8,-0.0759010176939614,0.712559915645029,0,-0.0759010176939614,-6.09493861830712,29.7045963919572,6.01903760061315,TRUE,FALSE,FALSE,TRUE,2.79318354298231,116.439878207069
"CD001797_pub4",8,1.10998457133928,0.341985858858851,0.280933375143271,1.21779293299761,1.48282406248382,0.700287499402011,0.372839491144548,TRUE,TRUE,TRUE,TRUE,1.34055993317069,2.74507655530311
"CD001837_pub4",110,0.355156188282879,0.0401416697127422,0.0690059679622651,0.284203545198535,-0.0982523170007054,0.102699665146282,0.453408505283584,FALSE,TRUE,FALSE,FALSE,0.157352453832554,0.402575289822071
"CD001909_pub4",51,0.707228811221199,0.110438215207572,0.168879949889908,0.628483965253745,0.770334123746649,0.189822368346077,0.0631053125254498,TRUE,TRUE,TRUE,TRUE,0.432909848647451,0.744090010836812
"CD001920_pub4",219,-0.0421210518014884,0.136393464848615,0,-0.0421210518014884,3.12863068084718,1.80097871249048,3.17075173264867,TRUE,FALSE,FALSE,TRUE,0.53465255765983,7.0597068268093
"CD002042_pub6",57,-2.46707642117453,0.251832148170005,2.84808435686903,-1.4999623009002,-1.44126771850729,0.383841600946068,1.02580870266724,FALSE,TRUE,TRUE,TRUE,0.987163881125128,1.50463142724498
"CD002052_pub4",4,0.577506831183156,0.527508738898576,0,0.577506831183156,0.509875533726497,1.82926480446069,0.0676312974566585,TRUE,FALSE,FALSE,TRUE,2.0677962595427,7.17058626985931
"CD002112_pub2",64,-0.171739040003594,0.252279444963312,0,-0.171739040003594,2.46157793603674,7.63091510094627,2.63331697604034,TRUE,FALSE,FALSE,TRUE,0.988917252335693,29.912637533875
"CD002115_pub6",6,-0.288376003829886,0.844873530164407,0,-0.288376003829886,8.07020852113248,2.25759149074719,8.35858452496237,FALSE,FALSE,TRUE,FALSE,3.31184338122691,8.84959602733718
"CD002122_pub3",19,-0.148933939562147,0.146323911212618,0.205715459565649,-0.174555024736884,-0.214319082502267,0.290856179263396,0.06538514294012,TRUE,FALSE,FALSE,TRUE,0.573579192107536,1.14013527207436
"CD002203_pub5",23,-0.00328196843698097,0.419888101340795,0,-0.00328196843698097,0.903237365474782,4.97981154072877,0.906519333911763,TRUE,FALSE,FALSE,TRUE,1.64593111232972,19.5205025392506
"CD002243_pub5",75,-0.182599150258364,0.0513437404601228,0.0358659648090705,-0.153763658546359,0.0601396060776244,0.123520161396132,0.242738756335989,FALSE,TRUE,FALSE,FALSE,0.201263764266825,0.484190135401988
"CD002290_pub6",88,-1.00716164644969,0.148742127477632,1.33135899176536,-0.684393834878106,0.248817665364892,0.351962705861322,1.25597931181459,FALSE,TRUE,FALSE,FALSE,0.583058425680048,1.37966845477891
"CD002303_pub4",8,0.49666686182386,0.381413568130107,1.00543237866089,0.552982258325214,0.630723548480851,0.955656394105335,0.134056686656991,TRUE,FALSE,FALSE,TRUE,1.49511371349985,3.74610422808374
"CD002971_pub6",11,-0.717110979541842,0.248609419356992,0.115331863220105,-0.634701046866549,-0.932744684412712,0.515730445671576,0.21563370487087,TRUE,TRUE,FALSE,FALSE,0.974531016314238,2.02162619849416
"CD003129_pub2",4,0.801709185374055,0.216345363355693,0,0.801709185374055,0.194184461188359,0.474460794277248,0.607524724185696,TRUE,TRUE,FALSE,FALSE,0.848058240798781,1.85985213771935
"CD003216_pub3",26,0.0590998647112368,0.130696701631302,0.0970175906044134,0.00666435812336715,0.120717604292574,0.296157592144445,0.0616177395813376,TRUE,FALSE,FALSE,TRUE,0.512321656191058,1.16091642870243
"CD003218_pub3",3,0.0457037399985154,1.17010842465555,0,0.0457037399985154,-0.253717970673923,10.1438061964905,0.299421710672438,TRUE,FALSE,FALSE,TRUE,4.58674074066356,39.7629896225511
"CD003331_pub6",36,-0.0951949455349217,0.14492293150582,0,-0.0951949455349217,0.0454276157977698,0.385994540471032,0.140622561332692,TRUE,FALSE,FALSE,TRUE,0.568087452570745,1.51307079510462
"CD003333_pub4",5,-0.013007830896456,0.0717475228805729,0,-0.013007830896456,-0.0784858248006151,0.167237200103946,0.065477993904159,TRUE,FALSE,FALSE,TRUE,0.281245121651773,0.655557778158104
"CD003357_pub5",10,0.720189115707733,0.206005934792117,0.226004774329928,0.570502456012221,-0.471561599531141,0.323411699519792,1.19175071523887,FALSE,TRUE,FALSE,FALSE,0.807528425588114,1.26775056647537
"CD003376_pub4",98,-0.0979532814479582,0.105121106623039,0,-0.0979532814479582,-0.0246688742486955,0.210326373303279,0.0732844071992627,TRUE,FALSE,FALSE,TRUE,0.412067165992302,0.824464233346708
"CD003414_pub4",19,0.0397958821919384,0.0712430051092064,3.90958112135579e-07,0.0397961225253203,0.238020942877286,0.243953448717559,0.198225060685348,TRUE,FALSE,FALSE,TRUE,0.279267448328895,0.956279946781511
"CD003429_pub5",3,-0.052255916782829,1.17088434505272,0,-0.052255916782829,0.198014155997259,7.24834415127296,0.250270072780088,TRUE,FALSE,FALSE,TRUE,4.5897822927302,28.4129869680931
"CD003451_pub3",25,-0.129756893713539,0.40662093401852,0,-0.129756893713539,1.55604596708927,4.97161015665391,1.68580286080281,TRUE,FALSE,FALSE,TRUE,1.59392477207267,19.4883537044304
"CD003477_pub5",32,0.291664648424755,0.360589363101911,0,0.291664648424755,-1.00755275853456,5.66615863658159,1.29921740695932,TRUE,FALSE,FALSE,TRUE,1.41348432977597,22.210933716781
"CD003511_pub6",8,-0.204658355404645,0.16630291316884,0.0295376550554149,-0.152070613833189,-0.206230981606892,0.457493973821061,0.00157262620224718,TRUE,FALSE,FALSE,TRUE,0.651895440670035,1.79334342366678
"CD003519_pub5",58,0.990188382874635,0.131027867761262,0.721561871336767,0.758269714634057,0.120858273037003,0.301847801847075,0.869330109837632,FALSE,TRUE,FALSE,FALSE,0.513619803566301,1.1832216408657
"CD003594_pub7",49,0.665583870731725,0.147996231966859,0.359181934736613,0.581115605374605,0.517511654236599,0.300404881312493,0.148072216495126,TRUE,TRUE,FALSE,FALSE,0.580134569005358,1.17756549630503
"CD003598_pub3",66,-0.230942991272394,0.092409244850212,0,-0.230942991272394,-0.166272085885078,0.244125858272639,0.0646709053873161,TRUE,TRUE,FALSE,FALSE,0.362237583489918,0.956955779818604
"CD003774_pub5",140,-0.957853404094315,0.0710231356008084,0.230745035262465,-0.858873704797493,-0.951119085732067,0.143544144395434,0.00673431836224803,TRUE,TRUE,TRUE,TRUE,0.278405575693378,0.562682706413335
"CD003833_pub5",6,-0.0184228858315919,0.827239519599474,0,-0.0184228858315919,-0.140469884929321,1.12433111358214,0.12204699909773,TRUE,FALSE,FALSE,TRUE,3.24271933000637,4.40729697863762
"CD003962_pub3",13,0.820182256605017,0.416914176398341,0.908426531677269,0.978577158303807,0.995090527518743,0.730968500251068,0.174908270913726,TRUE,TRUE,FALSE,FALSE,1.63427354076985,2.8653438686507
"CD004307_pub7",55,0.580947197550642,0.0799299755922188,0.0915979364151636,0.559526356615441,0.427027919083721,0.200292673908009,0.153919278466921,TRUE,TRUE,TRUE,TRUE,0.313319746891829,0.785132854453847
"CD004406_pub6",17,-0.130284347592539,0.0723207040874136,0.0172517445895284,-0.125508266052576,-0.0651686869560727,0.240654959005888,0.0651156606364661,TRUE,FALSE,FALSE,TRUE,0.283491950695819,0.943350104705005
"CD004417_pub6",55,-0.885377388524674,0.298685068324466,4.5747827373102,-0.754041114645745,0.258634729498962,0.522512013076469,1.14401211802364,FALSE,TRUE,FALSE,FALSE,1.17082395327168,2.0482094542388
"CD004508_pub5",4,-0.701845095563473,0.467224018189395,0,-0.701845095563473,-0.873010240356664,0.6704016569621,0.171165144793191,TRUE,FALSE,FALSE,TRUE,1.8314844967266,2.62792620564338
"CD004661_pub4",55,-0.0462840426269661,0.0443447121560623,0.00673270815804853,-0.0459977830703068,-0.00622033783437375,0.0762660089873498,0.0400637047925923,TRUE,FALSE,FALSE,TRUE,0.173828077461355,0.298957261719627
"CD004667_pub6",60,0.175768210858175,0.0166780357017159,2.12289938049715e-06,0.175769659009243,-0.0946613996564751,0.0383528524993184,0.27042961051465,FALSE,TRUE,TRUE,TRUE,0.0653766986164729,0.150340419206082
"CD004703_pub3",40,-0.0975954516971295,0.281788697041522,0,-0.0975954516971295,-0.340263665542151,0.503482094941199,0.242668213845021,TRUE,FALSE,FALSE,TRUE,1.1045913949037,1.97361354589105
"CD004736_pub6",39,-1.60591787898212,0.170169642274905,0.676975819194244,-0.726019141563161,-1.1060121926582,0.272438893179116,0.499905686323926,TRUE,TRUE,TRUE,TRUE,0.667052740241758,1.06794083723804
"CD004762_pub3",7,0.0256404505068444,0.763619809458027,0,0.0256404505068444,0.311397885921391,9.57126609052238,0.285757435414547,TRUE,FALSE,FALSE,TRUE,2.99333464883814,37.5186736477467
"CD004871_pub5",26,-0.0321463139238198,0.397054134314331,0,-0.0321463139238198,0.900463818174327,2.6493122518392,0.932610132098147,TRUE,FALSE,FALSE,TRUE,1.55642360633763,10.3851131948111
"CD004904_pub4",4,-2.92465183885648e-05,0.383649340989448,0,-2.92465183885648e-05,0.265423075105341,1.01928176653173,0.265452321623729,TRUE,FALSE,FALSE,TRUE,1.50387778206369,3.99551110500111
"CD004925_pub4",32,-1.14298089253736,0.183924904375975,0,-1.14298089253736,-0.741443629988565,0.627999131038687,0.40153726254879,TRUE,TRUE,FALSE,FALSE,0.720972376873767,2.46171135831655
"CD004953_pub5",9,0.162059486025769,0.41241806124915,0.136036364713732,0.24155704225972,0.0952439098718042,0.954337897846697,0.0668155761539648,TRUE,FALSE,FALSE,TRUE,1.61664909324434,3.74093581772238
"CD004992_pub4",4,-1.87505085379661,0.360072466774219,0.130720610830196,-1.82306102024001,-1.15246534949358,1.09624136143658,0.722585504303035,TRUE,TRUE,FALSE,FALSE,1.41145813340393,4.29718717355771
"CD005133_pub4",21,-0.550256416915314,0.323578528566491,1.02415222840311,-0.0455717600746584,0.0417550214918606,0.622344271922201,0.592011438407175,TRUE,FALSE,FALSE,TRUE,1.26840452432157,2.43954471790463
"CD005187_pub6",4,-0.120348775583467,0.268326876156453,0,-0.120348775583467,-0.293513553718567,0.0267731908989047,0.1731647781351,FALSE,FALSE,TRUE,FALSE,1.05182202670157,0.104948979826138
"CD005343_pub7",4,-0.0103543921817965,1.00155141246815,0,-0.0103543921817965,0.0797405453008002,4.46832278170697,0.0900949374825967,TRUE,FALSE,FALSE,TRUE,3.92600939420558,17.515503446891
"CD005495_pub5",110,-0.07334444069067,0.193201773029821,0,-0.07334444069067,-0.0346298404067834,2.46205012192102,0.0387146002838866,TRUE,FALSE,FALSE,TRUE,0.757337033775462,9.65105913419529
"CD005566_pub4",130,-0.137936450568482,0.0432902531657256,0.00915320284532431,-0.151868385994698,-0.104769949518851,0.185609548058674,0.0331665010496308,TRUE,TRUE,FALSE,FALSE,0.169694674172886,0.727576058763514
"CD005595_pub4",24,-0.0380897350909046,0.41309468160851,0,-0.0380897350909046,-1.68245824278069,2.63087960211838,1.64436850768978,TRUE,FALSE,FALSE,TRUE,1.61930139631544,10.3128585356262
"CD005951_pub5",14,-0.0333101225083382,0.134920696150121,0.0879265613977609,-0.0118073329574271,0.0214823361235916,0.250470438849404,0.0547924586319299,TRUE,FALSE,FALSE,TRUE,0.528879410446619,0.981826078673546
"CD006023_pub4",118,-0.480415951734839,0.112002212651269,0.388749726591256,-0.225980531455165,-0.441660598494074,0.162665207864155,0.0387553532407647,TRUE,TRUE,TRUE,TRUE,0.439040605970567,0.637635897902929
"CD006027_pub3",28,-0.0141176401153353,0.245658475613667,0.336211897642337,-0.0867627550550499,-0.02879442630628,0.280568541530453,0.0146767861909447,TRUE,FALSE,FALSE,TRUE,0.962963529399598,1.09980847318923
"CD006124_pub3",14,-0.043439031450739,0.368878052649452,0,-0.043439031450739,-0.239937711940479,0.622325179051435,0.19649868048974,TRUE,FALSE,FALSE,TRUE,1.44597539576039,2.43946987522651
"CD006140_pub3",9,-0.658605711880805,0.251415979214845,0.346528422980018,-0.324009485374035,0.171838405444874,0.424490149509847,0.83044411732568,TRUE,TRUE,FALSE,FALSE,0.985532528797933,1.66397080966265
"CD006182_pub3",28,0.409412353326494,0.190794508723106,0.450190402556428,0.225318896984373,0.332905405913776,0.2861167040217,0.076506947412718,TRUE,TRUE,FALSE,FALSE,0.747900731090602,1.12155687051568
"CD006185_pub6",385,0.453642569432966,0.0509100826123667,0.150037656433384,0.468110620138165,0.620836906671127,0.0759853720088548,0.167194337238161,FALSE,TRUE,TRUE,TRUE,0.199563856740395,0.297857184978467
"CD006257_pub2",123,-0.102536429609375,0.101575511295638,0.258248342379993,-0.0263511315908778,-0.0863505608397686,0.202384635771809,0.0161858687696068,TRUE,FALSE,FALSE,TRUE,0.398168687701382,0.793333194274003
"CD006273_pub4",4,1.44409540847358,0.872417067794968,0,1.44409540847358,6.00767973237768,1.96104245212651,4.5635843239041,FALSE,FALSE,TRUE,FALSE,3.41981206475235,7.68714515664416
"CD006404_pub5",23,-0.565996737230503,0.260481479557337,0.2751262186464,-0.668345167843925,-0.707747203808735,0.509227447428435,0.141750466578232,TRUE,TRUE,FALSE,FALSE,1.02106863714417,1.99613491379799
"CD006475_pub3",13,-0.0813628072141645,0.0969657756729079,0.0101915558660407,-0.101276327267736,0.156714615468999,0.304289562303859,0.238077422683163,TRUE,FALSE,FALSE,TRUE,0.380098856103779,1.19279316597404
"CD006536_pub5",256,-0.245554815160856,0.0791959886393885,0,-0.245554815160856,-0.617971937558794,0.278236445406705,0.372417122397938,TRUE,TRUE,TRUE,TRUE,0.310442570906489,1.09066682436717
"CD006632_pub3",11,-0.214849599995921,0.603560171252613,0,-0.214849599995921,-1.67118459387253,178.607071329665,1.45633499387661,TRUE,FALSE,FALSE,TRUE,2.3659123963159,700.126854380641
"CD006689_pub3",17,-0.744071255979043,0.138262200588556,0.0593840447431016,-0.765790402665685,-1.05307477416797,0.410724478696556,0.309003518188926,TRUE,TRUE,TRUE,TRUE,0.541977867153646,1.61001037162847
"CD006712_pub3",20,0.0326763884188084,0.493832577946778,0,0.0326763884188084,0.0759267414944381,0.10117543333391,0.0432503530756296,TRUE,FALSE,FALSE,TRUE,1.93578813433651,0.396600410909394
"CD006714_pub3",3,-0.502791071705359,1.08974266753124,0,-0.502791071705359,-3.03357196287162,1.24289659551229,2.53078089116627,FALSE,FALSE,TRUE,FALSE,4.27171276155566,4.87206512742307
"CD006742_pub3",5,-0.154522745513766,0.165584513430892,0.00729438372001577,-0.169212387555918,0.00230373161002134,0.398400182591424,0.156826477123788,TRUE,FALSE,FALSE,TRUE,0.649079365444274,1.56170001862675
"CD006839_pub5",7,-0.119524940567779,0.211006324044406,0,-0.119524940567779,0.0869220390389635,0.311101737204215,0.206446979606742,TRUE,FALSE,FALSE,TRUE,0.827129591274449,1.21949640089621
"CD006913_pub3",97,0.0194498986180803,0.205020001565535,0,0.0194498986180803,1.35109028863386,1.74523596934769,1.33164039001578,TRUE,FALSE,FALSE,TRUE,0.803663638357587,6.84119928889064
"CD006919_pub5",14,0.047837614403274,0.142992083115466,0.0518360452121005,0.0365762367784032,-0.0577453189762655,0.435857352845933,0.10558293337954,TRUE,FALSE,FALSE,TRUE,0.560518665961344,1.70852942794999
"CD006942_pub4",18,-0.0928136717876328,0.130988730971624,0.109507473382062,-0.0249406593393708,0.0297527580349798,0.194841190416129,0.122566429822613,TRUE,FALSE,FALSE,TRUE,0.513466390169979,0.763763431841048
"CD006982_pub5",8,0.0230741919097293,0.712460402675194,0,0.0230741919097293,-0.25735685671623,3.42972378528091,0.280431048625959,TRUE,FALSE,FALSE,TRUE,2.79279345930857,13.444270192142
"CD007024_pub3",27,-0.0674126334723503,0.389010213620518,0,-0.0674126334723503,0.5719299108842,2.90996643867004,0.63934254435655,TRUE,FALSE,FALSE,TRUE,1.5248920166289,11.4068588320271
"CD007026_pub7",14,-0.0635322314121184,0.151571147853141,0,-0.0635322314121184,-0.164263601537866,0.244467784375718,0.100731370125747,TRUE,FALSE,FALSE,TRUE,0.594147981775105,0.958296105513423
"CD007079_pub4",20,-0.177052166351841,0.0808953758167232,0.0429445846495661,-0.0426824778283175,-0.273013312750466,0.184073415668776,0.0959611463986253,TRUE,TRUE,FALSE,FALSE,0.31710404623322,0.721554530444144
"CD007110_pub4",24,0.0621762085180022,0.368088362581966,0,0.0621762085180022,1.10848585610205,1.40421515770614,1.04630964758405,TRUE,FALSE,FALSE,TRUE,1.44287986757795,5.50442227129854
"CD007130_pub5",14,0.183065910050036,0.305520033776996,0,0.183065910050036,0.197897991849921,0.436807894067622,0.0148320817998855,TRUE,FALSE,FALSE,TRUE,1.19761652551675,1.71225548107065
"CD007156_pub3",46,-0.0800166082574535,0.29975715613789,0,-0.0800166082574535,0.566543058845635,2.57062465426986,0.646559667103088,TRUE,FALSE,FALSE,TRUE,1.17502646027683,10.0766634802793
"CD007310_pub3",9,-0.0537558536120452,0.670756695493766,0,-0.0537558536120452,0.795349292648575,13.0076132416105,0.84910514626062,TRUE,FALSE,FALSE,TRUE,2.62931793111376,50.9889069567659
"CD007374_pub3",8,-0.168722187158715,0.381270657577475,0,-0.168722187158715,-0.180208060305732,0.440333902084548,0.0114858731470165,TRUE,FALSE,FALSE,TRUE,1.49455351442751,1.7260771785154
"CD007388_pub3",14,0.331430893151788,0.337209314245571,0,0.331430893151788,0.440155338464015,0.34534787301939,0.108724445312227,TRUE,FALSE,FALSE,TRUE,1.32183622234554,1.35373878651103
"CD007491_pub3",3,-0.253649504915713,1.15960364353089,0,-0.253649504915713,-1.41675697942728,154.570374334993,1.16310747451157,TRUE,FALSE,FALSE,TRUE,4.54556275532392,605.904733546921
"CD007569_pub4",19,0.225049698381049,0.197991929888306,0,0.225049698381049,0.139646362934816,0.275903028374729,0.0854033354462331,TRUE,FALSE,FALSE,TRUE,0.776114103621318,1.08151999768
"CD007572_pub4",13,-0.693444153467709,0.168607475544207,0.182149370691001,-0.608253983760094,-0.672658678460509,0.44703089198918,0.0207854750072003,TRUE,TRUE,FALSE,FALSE,0.660929159181726,1.75232889655121
"CD007639_pub3",23,-0.128141323123227,0.418043478200348,0,-0.128141323123227,-3.4817126339745,0.885344218087296,3.35357131085128,FALSE,FALSE,TRUE,FALSE,1.63870032248907,3.47048556274375
"CD007674_pub3",55,-0.16114991733909,0.272927493475697,0,-0.16114991733909,0.502724103619808,5.49592763221828,0.663874020958898,TRUE,FALSE,FALSE,TRUE,1.06985611520631,21.5436404415726
"CD007693_pub3",52,-0.190035876924399,0.278682495024213,0,-0.190035876924399,-0.221941368227891,1e-08,0.0319054913034917,FALSE,FALSE,TRUE,FALSE,1.09241530673844,3.91992797110774e-08
"CD007784_pub3",16,-0.409224907934741,0.0496079282346538,0.00897088389961971,-0.344277082594582,-0.48045252447287,0.165533472774053,0.071227616538129,TRUE,TRUE,TRUE,TRUE,0.194459505375138,0.648879289745972
"CD007809_pub3",11,-0.0180339247118092,0.606841992479414,0,-0.0180339247118092,0.130838122651576,3.9519295682427,0.148872047363385,TRUE,FALSE,FALSE,TRUE,2.37877689913236,15.4912792463893
"CD007837_pub3",11,-0.0187851855465196,0.611981735612484,0,-0.0187851855465196,0.414059544941972,1.8632052367703,0.432844730488491,TRUE,FALSE,FALSE,TRUE,2.39892432199356,7.30363031975241
"CD007859_pub5",51,-0.0370213333640164,0.283752676499721,0,-0.0370213333640164,-0.305905742139664,1.50557895421637,0.268884408775648,TRUE,FALSE,FALSE,TRUE,1.1122900529126,5.90176105229114
"CD007872_pub4",3,-0.0932720931853969,0.0835944200514327,0.0078165725946394,-0.056334235075374,-0.0138206437002387,0.0822109877660247,0.0794514494851582,TRUE,FALSE,FALSE,TRUE,0.327684105218642,0.322261150309743
"CD007895_pub3",4,0.0505781933347446,1.01040386431227,0,0.0505781933347446,-0.542845727023835,2.46231197258344,0.593423920358579,TRUE,FALSE,FALSE,TRUE,3.96071036778427,9.65208556993065
"CD007896_pub4",425,-0.390885716687836,0.0978038715808422,0,-0.390885716687836,-5.36333587313647,3.07383265037525,4.97245015644864,TRUE,TRUE,FALSE,FALSE,0.383384131694063,12.0492025784776
"CD008063_pub3",148,0.0133299132688073,0.165237843616363,0,0.0133299132688073,-1.63842544348922,3.01008776741501,1.65175535675803,TRUE,FALSE,FALSE,TRUE,0.647720444742265,11.799327228876
"CD008145_pub4",28,-0.0830557296790491,0.378359171151545,0,-0.0830557296790491,-1.81190119505057,41.7661691222001,1.72884546537152,TRUE,FALSE,FALSE,TRUE,1.48314069735491,163.720374503442
"CD008165_pub5",8,0.0239604240684442,0.710401700587037,0,0.0239604240684442,-0.512422934700933,16.3068656620212,0.536383358769378,TRUE,FALSE,FALSE,TRUE,2.7847234954132,63.9217387965888
"CD008176_pub3",26,-0.0332363247226825,0.0818127651312152,3.79081770025705e-07,-0.0332359876863026,-0.125347908932332,0.343415789880263,0.0921115842096498,TRUE,FALSE,FALSE,TRUE,0.320700146265632,1.34616515977538
"CD008237_pub4",3,-1.1005492119904,0.610075699465792,0.440970655546807,-1.22339462162586,-1.13850563816733,0.986987740066423,0.0379564261769318,TRUE,FALSE,FALSE,TRUE,2.39145279759207,3.86892084742554
"CD008309_pub3",12,0.426391015438682,0.2955324624126,0,0.426391015438682,0.561238126924227,0.527504494121112,0.134847111485545,TRUE,FALSE,FALSE,TRUE,1.15846596518226,2.0677796203208
"CD008349_pub5",90,-0.0540715027831531,0.214965601556737,0,-0.0540715027831531,2.75459370830038,1.49394046362961,2.80866521108354,TRUE,FALSE,FALSE,TRUE,0.842649673932385,5.85613900752222
"CD008469_pub3",16,-0.0638759942192255,0.197796065072995,0.172880469160059,-0.0802050689555675,-0.161452190097405,0.238600495118648,0.0975761958781797,TRUE,FALSE,FALSE,TRUE,0.775346327653624,0.93529675425195
"CD008493_pub5",20,0.243592105655402,0.167163647868864,0,0.243592105655402,0.445344781392232,0.288801254282511,0.20175267573683,TRUE,FALSE,FALSE,TRUE,0.655269458694618,1.13208011416743
"CD008552_pub8",45,-0.206823882980135,0.30002999962667,0,-0.206823882980135,0.7431032532467,7.32865983451428,0.949927136226835,TRUE,FALSE,FALSE,TRUE,1.17609598709968,28.7278186611865
"CD008564_pub3",56,-0.105786796978427,0.0462485198780259,0.0230894486698517,-0.127945480834828,-0.124456087558208,0.140148080504024,0.018669290579781,TRUE,TRUE,FALSE,FALSE,0.181290866598431,0.549370380580613
"CD008628_pub3",11,-0.0328803390392908,0.608122014504879,0,-0.0328803390392908,0.78748004054596,5.0011477707772,0.820360379585251,TRUE,FALSE,FALSE,TRUE,2.38379449327101,19.6041390241722
"CD008688_pub3",3,-0.0974925065328392,0.186916091150769,0,-0.0974925065328392,0.056300246901456,0.150289854402417,0.153792753434295,TRUE,FALSE,FALSE,TRUE,0.732697613573025,0.589125403741012
"CD008709_pub4",27,-0.195530394690797,0.0912200734459522,1.43354023589892e-09,-0.195530394621925,-0.346564130632045,0.273253533392266,0.151033735941247,TRUE,TRUE,FALSE,FALSE,0.35757611724233,1.07113416819431
"CD008858_pub5",7,-1.3483198090058,0.344568695581506,0.74610711043959,-0.822251737765525,-0.650234483339645,0.465750845201531,0.698085325666152,TRUE,TRUE,FALSE,FALSE,1.3506844670794,1.82570976472818
"CD008873_pub5",3,-0.650937596559382,0.406411491842956,0,-0.650937596559382,-1.13695028823756,0.698850404540074,0.486012691678179,TRUE,FALSE,FALSE,TRUE,1.59310377383077,2.73944324695958
"CD008879_pub3",20,-0.361664513363997,0.109582380257649,4.26292093973372e-06,-0.361664661764723,-0.918953687426542,0.324948966141856,0.557289174062545,TRUE,TRUE,TRUE,TRUE,0.429555037290329,1.27377654090313
"CD008940_pub4",30,0.142642377989457,0.11852528865077,0,0.142642377989457,0.183409130099915,0.250461180603288,0.0407667521104579,TRUE,FALSE,FALSE,TRUE,0.464610594025447,0.981789787015655
"CD008973_pub3",10,1.88146987394589,0.340425908689624,0.702797810729374,1.64465676170873,0.603739784552342,0.678225903357365,1.27773008939354,TRUE,TRUE,FALSE,FALSE,1.33444504087197,2.65859668792516
"CD009022_pub4",6,0.0147261498734374,0.821659168720046,0,0.0147261498734374,0.256987581639448,5.50747798115384,0.242261431766011,TRUE,FALSE,FALSE,TRUE,3.22084475651682,21.5889169774178
"CD009102_pub2",3,-0.34176226172326,0.247118798323764,0,-0.34176226172326,-0.576610906207609,1.95590468266717,0.234848644484349,TRUE,FALSE,FALSE,TRUE,0.968687889234788,7.6670054704418
"CD009235_pub4",143,-0.00339760896679428,0.168887172372683,0,-0.00339760896679428,0.793656359181043,1.66912767514524,0.797053968147838,TRUE,FALSE,FALSE,TRUE,0.662025550602533,6.5428602577675
"CD009244_pub3",9,0.0939809779282361,0.36209916297436,0.837409264338656,0.0158755422570788,-0.306113609957475,0.966448424155239,0.400094587885711,TRUE,FALSE,FALSE,TRUE,1.41940263652369,3.78840820851952
"CD009252_pub2",26,-0.159680086028478,0.396189239785132,0,-0.159680086028478,-0.954229923071945,9.22025650848225,0.794549837043467,TRUE,FALSE,FALSE,TRUE,1.55303328208232,36.1427413696925
"CD009298_pub3",6,-0.159041447382264,0.1469195496348,0.0187289402270967,-0.170341802362735,-0.218348747665289,0.235452265629477,0.0593073002830243,TRUE,FALSE,FALSE,TRUE,0.575914051818104,0.922955921424265
"CD009362_pub4",56,-0.476888935313172,0.137694482705719,0.682340643461226,-0.510185206434486,-0.590182691900278,0.258345092803017,0.113293756587105,TRUE,TRUE,TRUE,TRUE,0.539752453946167,1.01269415495314
"CD009417_pub3",4,-0.232978659656828,0.850418280957533,0,-0.232978659656828,1.75525689340108,7.9965505190585,1.9882355530579,TRUE,FALSE,FALSE,TRUE,3.33357840494246,31.3459020358195
"CD009508_pub2",35,-0.00104503063547204,0.341671504118638,0,-0.00104503063547204,2.71831753207158,5.39827851646157,2.71936256270705,TRUE,FALSE,FALSE,TRUE,1.33932768523232,21.160862941562
"CD009531_pub3",28,0.0114849951647988,0.211252988485249,0,0.0114849951647988,0.0209619347981396,0.16444932778836,0.00947693963334082,TRUE,FALSE,FALSE,TRUE,0.828096498115087,0.644629519494013
"CD009679_pub3",20,-0.0309779528378187,0.451701538300204,0,-0.0309779528378187,0.0420976010289939,4.02802077907679,0.0730755538668126,TRUE,FALSE,FALSE,TRUE,1.77063749365948,15.7895513119389
"CD009730_pub3",32,-0.161806156801004,0.311028939217378,0,-0.161806156801004,-0.44751788818718,0.213897297506385,0.285711731386176,TRUE,FALSE,TRUE,FALSE,1.21921103803152,0.838461999005928
"CD009749_pub3",11,0.324035383007997,0.190277715572361,0.0731583084262635,0.2797706755184,0.456657670213221,0.420847271368647,0.132622287205223,TRUE,FALSE,FALSE,TRUE,0.745874939164767,1.649690989749
"CD009752_pub3",10,-0.269494537651428,0.394912793414243,0,-0.269494537651428,-0.355510093674214,0.565076235775779,0.0860155560227852,TRUE,FALSE,FALSE,TRUE,1.54802970425204,2.21505814127998
"CD009788_pub3",4,0.17091767952272,0.535572266681503,0.588540177364703,0.0176711339812439,0.555904300194839,1.53454850253858,0.384986620672119,TRUE,FALSE,FALSE,TRUE,2.09940470762845,6.01531959501096
"CD009945_pub3",3,1.0801499460518,0.443690348065011,0,1.0801499460518,0.637692537056094,1.48001120044666,0.442457408995707,TRUE,TRUE,FALSE,FALSE,1.73923420499092,5.8015372991827
"CD010001_pub4",38,0.427197151396244,0.0770150924174767,0.00428840015705339,0.426326735033502,0.0579006884049422,0.316895903800236,0.369296462991301,TRUE,TRUE,FALSE,FALSE,0.301893614808556,1.24220911659346
"CD010136_pub4",3,-0.521386655916707,0.763302429817685,0,-0.521386655916707,-0.799856143039431,0.21712949084867,0.278469487122724,TRUE,FALSE,TRUE,FALSE,2.99209054350915,0.851131964089823
"CD010145_pub2",5,0.882176331048448,0.50304028044124,0.434159713538445,0.839551705631804,0.929486229347568,1.2800573005544,0.0473098982991197,TRUE,FALSE,FALSE,TRUE,1.97188166487552,5.01773241446836
"CD010189_pub3",6,-0.0373921182712326,0.820963742783122,0,-0.0373921182712326,-0.373745511892087,4.8851345296122,0.336353393620855,TRUE,FALSE,FALSE,TRUE,3.21811873693625,19.1493754753459
"CD010216_pub9",45,0.458405170297051,0.0880077322109757,0.12939272206192,0.367893516694437,0.368828151396437,0.15266215269511,0.0895770189006141,TRUE,TRUE,TRUE,TRUE,0.344983970989116,0.598424642169541
"CD010290_pub4",9,0.333790590039882,0.127494115790224,5.27904667110882e-06,0.333797807224563,0.10340691177948,0.432936490363055,0.230383678260402,TRUE,TRUE,FALSE,FALSE,0.499767750379236,1.69707985740952
"CD010441_pub3",6,-0.878262067388754,0.283869925284759,0.304127220066054,-0.846873316958005,-0.75374090487986,1.46340653550291,0.124521162508894,TRUE,TRUE,FALSE,FALSE,1.11274965970441,5.73644820865248
"CD010533_pub3",22,-0.0222034949929907,0.402585634025359,0,-0.0222034949929907,-0.718178708017836,1.12310377871135,0.695975213024846,TRUE,FALSE,FALSE,TRUE,1.57810668676585,4.40248591435018
"CD010583_pub6",9,-0.325696193222666,0.377758351593856,0,-0.325696193222666,-0.270435187544878,0.959231897788656,0.055261005677788,TRUE,FALSE,FALSE,TRUE,1.48078552796635,3.76011994497554
"CD010779_pub2",4,0.0160202563230945,1.00816493436999,0,0.0160202563230945,0.359896693785467,6.63879224396873,0.343876437462373,TRUE,FALSE,FALSE,TRUE,3.95193392368273,26.0235873980451
"CD010856_pub3",7,-0.223191379407723,0.756394604907109,0,-0.223191379407723,-0.865175230962671,369.811052821069,0.641983851554948,TRUE,FALSE,FALSE,TRUE,2.96501236743667,1449.63268922827
"CD010861_pub3",18,0.134416071365777,0.402948997034905,0,0.134416071365777,0.279275535845049,0.470425140050785,0.144859464479272,TRUE,FALSE,FALSE,TRUE,1.5795310435899,1.8440326638435
"CD010966_pub4",65,-0.207750252671045,0.237660855587228,0,-0.207750252671045,-0.227785732420513,0.700939920596938,0.0200354797494682,TRUE,FALSE,FALSE,TRUE,0.931613434971882,2.74763399939273
"CD011044_pub3",52,-0.0200398972170829,0.278669037168546,0,-0.0200398972170829,2.82108073772449,6.1634358843977,2.84112063494157,TRUE,FALSE,FALSE,TRUE,1.09236255291361,24.1602247088825
"CD011120_pub3",19,0.277138404629982,0.103141453435918,2.09162953936583e-07,0.277138373049563,-0.222251704870795,0.347163918019513,0.499390109500777,TRUE,TRUE,FALSE,FALSE,0.404307068095028,1.36085755210012
"CD011197_pub3",9,0.0642697992495557,0.221218517275623,0,0.0642697992495557,-0.0814494787226343,0.454663056841716,0.14571927797219,TRUE,FALSE,FALSE,TRUE,0.867160653147145,1.7822464330213
"CD011204_pub3",84,0.912445894454801,0.0866835623275377,0.248340925383554,0.78282555183786,1.12427307944011,0.116562656335119,0.211827184985305,TRUE,TRUE,TRUE,TRUE,0.339793320427214,0.456917216718305
"CD011218_pub2",10,0.0740588658503418,0.194782095623613,0,0.0740588658503418,0.0397606061352489,0.0400051488503551,0.0342982597150929,TRUE,FALSE,FALSE,TRUE,0.763531784511036,0.15681730188572
"CD011305_pub3",4,0.0796591693379172,1.02442823062183,0,0.0796591693379172,0.479361382582469,2.51218739122219,0.399702213244552,TRUE,FALSE,FALSE,TRUE,4.01568487352974,9.84759361842226
"CD011330_pub2",17,0.0146547017066558,0.494819858676431,0,0.0146547017066558,0.0732256618061712,3.07002077342214,0.0585709600995154,TRUE,FALSE,FALSE,TRUE,1.93965820368201,12.0342602953944
"CD011381_pub3",70,-0.000964958848248256,0.105816596730021,0.570812911610908,-0.163392852530697,0.0134159922674206,0.169358727109665,0.0143809511156688,TRUE,FALSE,FALSE,TRUE,0.41479343711488,0.663874011204982
"CD011468_pub2",5,-1.15170600602171,0.371356705072035,0,-1.15170600602171,-1.12855289923899,0.564397445994769,0.0231531067827135,TRUE,TRUE,TRUE,TRUE,1.4556915347173,2.21239733423227
"CD011535_pub7",64,0.701494181921846,0.113105889885529,0.565734422490212,0.709377048433384,0.713240405985449,0.180648161393906,0.011746224063603,TRUE,TRUE,TRUE,TRUE,0.443366941229979,0.70812778041087
"CD011575_pub3",4,0.144616039269204,0.206615481592025,0.125227857361562,0.137105463533296,-0.0662660290963573,1.32708184489185,0.210882068365562,TRUE,FALSE,FALSE,TRUE,0.809917805137535,5.20206524104998
"CD011600_pub3",9,-0.468132957345657,0.66681498418715,0,-0.468132957345657,-1.99275023460425,456.827354118454,1.52461727725859,TRUE,FALSE,FALSE,TRUE,2.61386670671692,1790.73032244979
"CD011626_pub3",15,0.128738299907981,0.525183791498109,0,0.128738299907981,-1.56748767696772,4.34605488133881,1.6962259768757,TRUE,FALSE,FALSE,TRUE,2.05868263320097,17.0362220845171
"CD011627_pub3",20,-0.491833336585267,0.306829315731512,1.13919655727536,-0.334599353509819,-0.112792891811966,0.593659793418646,0.379040444773302,TRUE,FALSE,FALSE,TRUE,1.20274881646966,2.32710362834007
"CD011670_pub3",4,-0.00154770079866701,0.985266221120269,2.69617606290436,-0.752500703802211,-1.58522468442406,1.26704099695258,1.58367698362539,TRUE,FALSE,FALSE,TRUE,3.86217261715921,4.96670944192556
"CD011671_pub3",16,-0.431425736433249,0.0794432663889942,4.9033313523939e-07,-0.431425586446899,-0.240777079863348,0.323106625663744,0.190648656569901,TRUE,TRUE,FALSE,FALSE,0.3114118818733,1.2665546989344
"CD011689_pub4",153,0.0557359100526508,0.149525938158799,0,0.0557359100526508,0.206918197570089,0.196135827787749,0.151182287517438,TRUE,FALSE,FALSE,TRUE,0.58613090709162,0.768838317083875
"CD011762_pub2",206,-0.191018376366804,0.0582274682195602,0.0256862220921584,-0.209513779622397,-0.0799854395297947,0.147044073282729,0.11103293683701,TRUE,TRUE,FALSE,FALSE,0.228247481242577,0.576402175548436
"CD011778_pub2",45,-0.00124324053720355,0.302216700678449,0,-0.00124324053720355,0.0182814797742551,0.935721312336993,0.0195247203114586,TRUE,FALSE,FALSE,TRUE,1.18466769771256,3.66796014349412
"CD011793_pub3",10,-0.129149390380807,0.435494502751421,0,-0.129149390380807,0.234391112109331,2.1214937216917,0.363540502490138,TRUE,FALSE,FALSE,TRUE,1.70710708171593,8.31610257588716
"CD011800_pub2",3,0.813886940807362,1.08709504576091,0,0.813886940807362,4.03793873922084,0.707861173759473,3.22405179841348,FALSE,FALSE,TRUE,FALSE,4.26133427492659,2.77476481324563
"CD011841_pub3",37,-0.500040048484692,0.279466537267368,0,-0.500040048484692,-1.09502160658527,0.605565247105732,0.594981558100573,TRUE,FALSE,FALSE,TRUE,1.09548869585632,2.37377214923267
"CD011851_pub3",4,-0.188670035932419,0.284991423767642,0,-0.188670035932419,-0.142903221592806,0.668869231611053,0.0457668143396134,TRUE,FALSE,FALSE,TRUE,1.11714585297474,2.62191920864929
"CD011858_pub2",20,-0.263616058631317,0.377420731207393,1.21614145897115,-0.277615532407273,-0.301045520714335,0.851093619879009,0.0374294620830173,TRUE,FALSE,FALSE,TRUE,1.47946208037053,3.33622568486936
"CD011866_pub3",48,-0.287356541171821,0.0852963390663636,0.123774969688037,-0.273654350677763,-0.085435783555336,0.173268046202089,0.201920757616485,TRUE,TRUE,FALSE,FALSE,0.334355505166379,0.679198260455434
"CD011885_pub2",12,0.565069109229257,0.236106297595692,0.177136468246585,0.643214744688289,0.645573201716576,0.441538825632623,0.0805040924873189,TRUE,TRUE,FALSE,FALSE,0.925519679621305,1.7308003920321
"CD012067_pub3",32,-0.154213322071761,0.351375489297613,0,-0.154213322071761,-1.94327428467468,0.355858830258688,1.78906096260292,FALSE,FALSE,TRUE,FALSE,1.37736660814692,1.39494098177516
"CD012079_pub2",27,-0.203770070512527,0.120204791274852,0.113469761129606,-0.0760614183331984,0.01116557094553,0.304742881702622,0.214935641458057,TRUE,FALSE,FALSE,TRUE,0.471194123335729,1.19457014536418
"CD012170_pub2",36,-0.0279305000809165,0.335288526674827,0,-0.0279305000809165,0.898902401379681,3.50182137368867,0.926832901460598,TRUE,FALSE,FALSE,TRUE,1.31430687342432,13.7268875454448
"CD012178_pub2",4,-0.13653329246285,0.21270600806565,0,-0.13653329246285,-0.322909677095486,0.870731238595874,0.186376384632635,TRUE,FALSE,FALSE,TRUE,0.833792230207922,3.41320373572373
"CD012186_pub2",91,0.0112301123855269,0.0341437369221806,0.0136934934274894,0.00868857490617674,0.0451151757598726,0.0886802640892536,0.0338850633743458,TRUE,FALSE,FALSE,TRUE,0.133840989330169,0.347620247508875
"CD012214_pub3",7,1.25410373534704,0.301413060563371,0,1.25410373534704,0.9480711165771,0.61317239374765,0.306032618769944,TRUE,TRUE,FALSE,FALSE,1.18151748634839,2.40359161611921
"CD012268_pub2",21,-0.0340319344361053,0.442729545184168,0,-0.0340319344361053,2.18303934725964,5.19032321830436,2.21707128169574,TRUE,FALSE,FALSE,TRUE,1.73546792690554,20.3456931519971
"CD012426_pub2",5,-0.156789824338125,0.0795240282605967,5.46144502458568e-06,-0.156785713176026,0.225069343338477,0.158704725517673,0.381859167676602,FALSE,TRUE,FALSE,FALSE,0.31172846259263,0.622111092381909
"CD012429_pub2",16,-0.148856740022046,0.240247857815628,0,-0.148856740022046,-0.116697611981226,0.313992770573241,0.0321591280408196,TRUE,FALSE,FALSE,TRUE,0.94175429736306,1.230829043459
"CD012445_pub2",8,-0.0830291456192241,0.716041915837189,0,-0.0830291456192241,-0.633469372231393,4.44320753270579,0.550440226612169,TRUE,FALSE,FALSE,TRUE,2.8068327329239,17.4170534798809
"CD012503_pub3",102,0.163562023882015,0.0978933688545788,0.339130516093132,0.101391214978675,0.112104277101033,0.178945888623961,0.0514577467809818,TRUE,FALSE,FALSE,TRUE,0.383734954560539,0.701454993768959
"CD012532_pub2",7,-0.0467428513149321,0.759168836945173,0,-0.0467428513149321,1.30777335809659,19.6954809185639,1.35451620941152,TRUE,FALSE,FALSE,TRUE,2.9758871571954,77.2048665171624
"CD012570_pub2",3,-1.07617849033316,0.896499567844362,0,-1.07617849033316,4.26071922552036,6.80451137123052,5.33689771585352,TRUE,FALSE,FALSE,TRUE,3.51421373026135,26.6731944400102
"CD012572_pub3",4,0.736884292891746,0.533210555120951,0,0.736884292891746,1.73914946671994,1.03449733713493,1.00226517382819,TRUE,FALSE,FALSE,TRUE,2.09014696842734,4.05515504577411
"CD012586_pub2",196,-0.0267517321245203,0.0280649160738484,0.0307218335231225,-0.0247461972174468,-0.0679824669829296,0.0657271171142527,0.0412307348584092,TRUE,FALSE,FALSE,TRUE,0.110012449467764,0.257645564703163
"CD012609_pub2",7,-0.676933433632064,0.332378810813572,0.570771399468918,-0.650533703969845,-0.665203458453067,1.26678752428059,0.011729975178997,TRUE,TRUE,FALSE,FALSE,1.3029009968377,4.96571584730924
"CD012623_pub2",25,0.926042933403699,0.179814700456095,0,0.926042933403699,1.69482262932419,0.453024830916079,0.76877969592049,TRUE,TRUE,TRUE,TRUE,0.70486067356961,1.77582470539573
"CD012635_pub2",7,-0.145836192979917,0.10895447981332,6.62976356923238e-07,-0.14583616924209,0.0561067945036291,0.39744208651225,0.201942987483546,TRUE,FALSE,FALSE,TRUE,0.427093712776807,1.55794435100892
"CD012642_pub2",21,-0.0750312627538696,0.241840177550214,0,-0.0750312627538696,0.0592433637541764,0.454688258271497,0.134274626508046,TRUE,FALSE,FALSE,TRUE,0.947996076026381,1.78234522081076
"CD012693_pub3",21,0.0544381031218092,0.0589215453562856,0.00743722217508024,0.0567188792545147,0.0900090861591917,0.0915965897408986,0.0355709830373825,TRUE,FALSE,FALSE,TRUE,0.230968213623526,0.359052033997704
"CD012712_pub2",59,0.159945391087405,0.109976738301437,0,0.159945391087405,0.160830559013888,0.137799689598944,0.000885167926482799,TRUE,FALSE,FALSE,TRUE,0.431100892416008,0.540164857389457
"CD012757_pub2",3,-1.38877844879718,0.617784041588486,0.310555012603112,-1.18171105288398,-0.113896468413933,0.0228506592529034,1.27488198038325,FALSE,TRUE,TRUE,TRUE,2.42166894347406,0.0895729383173751
"CD012850_pub2",6,-0.080004173656858,0.648164118466692,0.990506477904487,-0.108004000384436,-0.216285001831475,1.48759940095608,0.136280828174617,TRUE,FALSE,FALSE,TRUE,2.54075665653174,5.83128249859457
"CD012891_pub2",20,-1.06039252791762,0.21952032032019,0.384874122863203,-1.09682076164876,-0.739328487971208,0.530075766803722,0.321064039946408,TRUE,TRUE,FALSE,FALSE,0.860503843404538,2.07785882402549
"CD012905_pub2",24,-0.306565511731597,0.134676226936411,0.162596300367426,-0.262085142137641,-0.59735018695069,0.445915754553152,0.290784675219093,TRUE,TRUE,FALSE,FALSE,0.527921108738217,1.74795763812636
"CD012925_pub2",19,-0.00483684457941083,0.459067557848758,0,-0.00483684457941083,-0.999153815979142,48.877052735682,0.994316971399731,TRUE,FALSE,FALSE,TRUE,1.79951175970865,191.594526064803
"CD012942_pub2",266,0.414028373864518,0.0423678699427959,0.239591977308732,0.452833141293085,0.593785041005099,0.0634956769011062,0.179756667140581,FALSE,TRUE,TRUE,TRUE,0.166078998379114,0.24889847980032
"CD012993_pub2",9,-0.196265741055461,0.66792267520182,0,-0.196265741055461,3.02386536412541,2.05257618264004,3.22013110518087,TRUE,FALSE,FALSE,TRUE,2.61820877570642,8.04595078699838
"CD012997_pub3",5,-0.22765441939045,0.38468993707471,0,-0.22765441939045,-0.242151132196968,0.49429742332149,0.0144967128065177,TRUE,FALSE,FALSE,TRUE,1.50795684376282,1.93761029472214
"CD013023_pub2",14,-0.130472785794909,0.209011500250929,0.193707431705896,-0.212877237705266,-0.270857652553012,0.819274390668792,0.140384866758103,TRUE,FALSE,FALSE,TRUE,0.819310025693012,3.21149659833366
"CD013038_pub3",3,-0.0498667442095974,1.16112633125754,0,-0.0498667442095974,0.454880782034644,12.9582096646163,0.504747526244241,TRUE,FALSE,FALSE,TRUE,4.5515315815318,50.7952484935335
"CD013042_pub2",87,-0.0484007867594119,0.216577550690451,0,-0.0484007867594119,-0.190953555748787,3.28938847919453,0.142552768989375,TRUE,FALSE,FALSE,TRUE,0.848968398426363,12.8941659007645
"CD013051_pub3",12,1.70787586502896,0.22475371604371,0.274932317857203,1.63152026090052,0.5392119914474,0.705132954495254,1.16866387358156,TRUE,TRUE,FALSE,FALSE,0.881018377674425,2.76407039024604
"CD013052_pub3",17,0.175350094032851,0.108541761894241,6.96156676916554e-08,0.175350112274795,-1.37628084626265,0.531454068972183,1.5516309402955,FALSE,FALSE,TRUE,FALSE,0.425475888262469,2.08326166924549
"CD013053_pub3",6,1.68100133017899,0.231597356443229,0,1.68100133017899,0.520966262043468,0.532945434843553,1.16003506813552,FALSE,TRUE,FALSE,FALSE,0.907844955086826,2.0891077160368
"CD013054_pub3",22,0.0632965907711749,0.287307264170892,1.45963783703867,-0.18156212808175,-0.828963640787942,0.849953636171845,0.892260231559117,TRUE,FALSE,FALSE,TRUE,1.12622378054337,3.33175703085135
"CD013055_pub3",6,1.10896013229865,0.157549880023007,3.38462839263039e-06,1.10895796635414,-0.0797321594960807,0.201567393121808,1.18869229179473,FALSE,TRUE,FALSE,FALSE,0.617584181227399,0.790129661952739
"CD013056_pub3",9,-0.741757349783427,0.36862953071991,0.910619328444702,-0.101444124954612,-0.282432737929197,0.848909742241283,0.459324611854229,TRUE,TRUE,FALSE,FALSE,1.44500120769785,3.32766504183619
"CD013059_pub2",299,-0.195779352530874,0.117955549975694,0,-0.195779352530874,2.58973326061038,1.61056397799745,2.78551261314125,TRUE,FALSE,FALSE,TRUE,0.462377259457951,6.31329478334514
"CD013071_pub2",9,-0.0654038362742574,0.670227483229656,0,-0.0654038362742574,-3.01737710573436,42.2671265373415,2.95197326946011,TRUE,FALSE,FALSE,TRUE,2.6272434571581,165.684091486373
"CD013078_pub2",6,-0.327378788811713,0.837216469396117,0,-0.327378788811713,1.22568497264986,18.3653374086833,1.55306376146157,TRUE,FALSE,FALSE,TRUE,3.28182825456034,71.990799769891
"CD013105_pub2",20,-0.168529072365719,0.136648731623048,0,-0.168529072365719,-0.221813230648337,0.246021593863028,0.0532841582826181,TRUE,FALSE,FALSE,TRUE,0.535653185028508,0.964386926781349
"CD013111_pub2",4,0.79410803439035,0.371336397983145,0,0.79410803439035,1.11771765931663,0.228756410116237,0.323609624926276,TRUE,TRUE,TRUE,TRUE,1.45561193239159,0.896708650120996
"CD013158_pub2",3,0.126208996348502,0.648031704104501,0.626891027393263,0.220035537740038,0.0482147697331639,1.11665254216466,0.0779942266153383,TRUE,FALSE,FALSE,TRUE,2.54023760176988,4.37719753177565
"CD013166_pub3",36,-0.259407185289123,0.336386961677261,0,-0.259407185289123,3.59703273702656,14.6708715736061,3.85643992231568,TRUE,FALSE,FALSE,TRUE,1.31861265951257,57.508759812161
"CD013197_pub2",14,0.328976919826458,0.425660297912611,0,0.328976919826458,0.797921047683136,0.544425166285547,0.468944127856677,TRUE,FALSE,FALSE,TRUE,1.66855770711462,2.1341074363938
"CD013232_pub2",84,-0.0141185523737285,0.219201555119689,0,-0.0141185523737285,0.699273728078449,0.92961104385869,0.713392280452178,TRUE,FALSE,FALSE,TRUE,0.859254306779525,3.64400833118743
"CD013255_pub2",49,1.22337876471673,0.207372827686723,1.59294243224906,0.907045165522237,-0.0536637196427929,0.337974163644004,1.27704248435952,FALSE,TRUE,FALSE,FALSE,0.812886547276416,1.32483437689459
"CD013278_pub3",18,0.143064794084495,0.126747297495462,0,0.143064794084495,0.12103271281101,0.295607677041316,0.0220320812734845,TRUE,FALSE,FALSE,TRUE,0.496840276457777,1.15876080110906
"CD013284_pub2",11,0.0184900430582883,0.605712863892974,0,0.0184900430582883,-0.937076235590798,12.4266109945516,0.955566278649086,TRUE,FALSE,FALSE,TRUE,2.37435079640568,48.7114199984212
"CD013294_pub2",15,-0.0249860067037167,0.525624165147104,0,-0.0249860067037167,0.116798441326267,1.36332340707148,0.141784448029984,TRUE,FALSE,FALSE,TRUE,2.06040886618451,5.34412955428108
"CD013295_pub2",219,-0.62364012935746,0.0829286284991293,0.434373212309257,-0.641845139265335,-0.977326667030954,0.170321932834095,0.353686537673493,FALSE,TRUE,TRUE,TRUE,0.325074250291191,0.667649708264153
"CD013303_pub2",11,-0.238364328307315,0.606349025782273,0,-0.238364328307315,2.49350161437191,31.6228855441926,2.73186594267922,TRUE,FALSE,FALSE,TRUE,2.37684450518841,123.9594335077
"CD013331_pub2",18,0.0313087386836769,0.481082618456233,0,0.0313087386836769,0.154652817334133,2.56144125801702,0.123344078650456,TRUE,FALSE,FALSE,TRUE,1.88580921152488,10.0406652284567
"CD013332_pub2",35,-0.519296059932857,0.109827715534798,0.0857938398783649,-0.438850160020794,-0.049357106635184,0.280194169894838,0.469938953297673,TRUE,TRUE,FALSE,FALSE,0.430516733905029,1.09834096334396
"CD013342_pub2",60,-0.258701834813899,0.261704586744835,0,-0.258701834813899,3.83462932828694,7.42835389449073,4.09333116310083,TRUE,FALSE,FALSE,TRUE,1.02586312921763,29.1186121952393
"CD013344_pub2",14,-0.665375319930003,0.411404147204351,1.05221705782031,-0.40343498238878,0.678837251757789,1.01896707486209,1.34421257168779,TRUE,FALSE,FALSE,TRUE,1.61267462322188,3.99427753632367
"CD013353_pub2",12,0,0.583777099307462,0,0,0,1e-08,0,TRUE,FALSE,FALSE,TRUE,2.28836417928378,3.91992796908011e-08
"CD013355_pub2",4,-0.0508541841791486,1.00764128785081,0,-0.0508541841791486,0.312748962171785,4.34306040748063,0.363603146350933,TRUE,FALSE,FALSE,TRUE,3.94988126704629,17.0244839626878
"CD013358_pub2",28,-0.0782150042816708,0.230489069841033,0,-0.0782150042816708,-0.0681211848967517,0.196260209791747,0.0100938193849192,TRUE,FALSE,FALSE,TRUE,0.903500551437124,0.769325885580197
"CD013366_pub2",13,-0.589822656971029,0.266197667959654,0,-0.589822656971029,-1.25046581818442,0.46494871039615,0.660643161213387,TRUE,TRUE,TRUE,TRUE,1.04347568393895,1.82256545406959
"CD013396_pub2",14,-0.357284458476621,0.106096899400523,0.019091256339921,-0.327138256926483,0.0248901452071939,0.251020652809272,0.382174603683815,TRUE,TRUE,FALSE,FALSE,0.41589220339279,0.983982877763812
"CD013408_pub2",5,-0.482067250149651,0.191997484273694,0.07416827406106,-0.502016556392316,-0.517344383360193,0.569885262404921,0.0352771332105425,TRUE,TRUE,FALSE,FALSE,0.752616308597473,2.23390917926761
"CD013414_pub2",10,-0.00861610445989568,0.147535057418264,0,-0.00861610445989568,0.113368761200436,0.295391813702084,0.121984865660331,TRUE,FALSE,FALSE,TRUE,0.578326797993694,1.1579146323681
"CD013421_pub2",52,-0.885889660410222,0.145506485472169,0.209868495689534,-0.890186514949164,-1.16328408714973,0.248020069316605,0.277394426739506,TRUE,TRUE,TRUE,TRUE,0.570374942084903,0.972220806607347
"CD013425_pub2",11,-0.371824921721004,0.119904107829385,0.0809520741255641,-0.562650532768359,-0.353027951735093,0.226249919223887,0.0187969699859113,TRUE,TRUE,FALSE,FALSE,0.470015465888005,0.886883386367831
"CD013429_pub2",23,1.08941533923254,0.467948388356169,2.09574264236885,2.08537772746017,3.19098385064129,0.231308660827997,2.10156851140875,FALSE,TRUE,TRUE,TRUE,1.83432397560331,0.906713289070131
"CD013445_pub2",39,0.924331358152561,0.143191214392267,0.295449017133233,0.817260660989778,0.785143369556408,0.288568629818865,0.139187988596153,TRUE,TRUE,TRUE,TRUE,0.561299246222794,1.13116824302609
"CD013456_pub2",33,-0.219678833433688,0.353510427713803,0,-0.219678833433688,-4.54383630281491,13.3096844096564,4.32415746938122,TRUE,FALSE,FALSE,TRUE,1.38573541295681,52.1730041770417
"CD013462_pub3",52,0.366009271415093,0.144146677106152,0.526162176270591,0.35178868631676,0.60641349366046,0.322878378345816,0.240404222245367,TRUE,TRUE,FALSE,FALSE,0.565044591238365,1.26565998588899
"CD013474_pub2",7,-0.141883182586527,0.760517041746318,0,-0.141883182586527,1.37619802755206,14.4183985813508,1.51808121013859,TRUE,FALSE,FALSE,TRUE,2.98117202290346,56.5190838683819
"CD013476_pub2",3,-0.0408007944388197,1.17717391640482,0,-0.0408007944388197,0.230574260528529,1.23336226702659,0.271375054967348,TRUE,FALSE,FALSE,TRUE,4.61443695938682,4.83469124652556
"CD013508_pub3",21,0.0119531706208816,0.439660552372158,0,0.0119531706208816,2.04889659190469,6.72433284402846,2.03694342128381,TRUE,FALSE,FALSE,TRUE,1.72343769614483,26.3589003887111
"CD013539_pub2",9,-0.0389777107311114,0.667485707160051,0,-0.0389777107311114,1.67780585890031,35.4025334908432,1.71678356963142,TRUE,FALSE,FALSE,TRUE,2.6164958924579,138.775381207052
"CD013541_pub2",61,-0.331513741757019,0.144925719659062,0,-0.331513741757019,-0.328089060936962,0.215984950191136,0.00342468082005709,TRUE,TRUE,FALSE,FALSE,0.568098381930622,0.846645447154608
"CD013571_pub2",9,0.860645434378841,0.298162015323595,0.23860800556641,0.518108386083195,0.663652420326257,0.875834845001515,0.196993014052584,TRUE,TRUE,FALSE,FALSE,1.16877362318425,3.43320950521638
"CD013590_pub2",25,0.154200319219831,0.219044183824855,0,0.154200319219831,0.0856768083545255,0.410939016666746,0.0685235108653054,TRUE,FALSE,FALSE,TRUE,0.858637422639372,1.61085134501826
"CD013591_pub2",9,-0.0433761241438199,0.670217594444091,0,-0.0433761241438199,0.677129239583462,9.01075370957656,0.720505363727282,TRUE,FALSE,FALSE,TRUE,2.62720469383098,35.3215054886615
"CD013595_pub2",23,0.551201743699548,0.181302622892276,0.418919624527419,0.465854838045323,0.44101553436365,0.192996192609364,0.110186209335898,TRUE,TRUE,TRUE,TRUE,0.710693222343017,0.756531173335416
"CD013613_pub2",6,0.0778564346566458,0.829221094233514,0,0.0778564346566458,-1.69117746435402,13.2942962839397,1.76903389901067,TRUE,FALSE,FALSE,TRUE,3.25048695983716,52.1126838326528
"CD013614_pub2",33,1.4643864013761,0.209974912748731,1.13227984196581,0.804247889575272,0.852271639728033,0.340578255955383,0.612114761648066,TRUE,TRUE,TRUE,TRUE,0.823086533288905,1.33504223118003
"CD013631_pub2",13,-0.0608437352387121,0.561541166682142,0,-0.0608437352387121,1.29653300587553,10.3974254083442,1.35737674111424,TRUE,FALSE,FALSE,TRUE,2.2012009250672,40.7571586645926
"CD013643_pub2",4,0.831460675266357,0.371512154586329,0.0630184451033763,0.829094938486621,0.822409382429117,0.468403563644181,0.00905129283724004,TRUE,TRUE,FALSE,FALSE,1.45630088561616,1.83610822994562
"CD013672_pub2",14,0.63102418376478,0.248024749563013,0.44153613101318,0.326018252213511,0.613787371172825,0.445140753415769,0.0172368125919552,TRUE,TRUE,FALSE,FALSE,0.972239152836143,1.74491968949186
"CD013707_pub2",8,0.348819628001924,0.391274149497924,0.19487944120735,0.452666047186206,0.391312298310175,0.784537352339571,0.0424926703082518,TRUE,FALSE,FALSE,TRUE,1.53376648219494,3.07532991022394
"CD013715_pub2",6,1.38095918255505,0.266364938124289,2.34721288629076e-07,1.38095910259004,-0.463764023503616,0.616734165735104,1.84472320605866,FALSE,TRUE,FALSE,FALSE,1.04413137093569,2.41755350575232
"CD013719_pub2",18,0.794393452185964,0.330521395862223,1.13291748486501,0.744870139735631,-0.0500629016686549,0.670328428868637,0.844456353854619,TRUE,TRUE,FALSE,FALSE,1.29562006401973,2.6276391567917
"CD013726_pub2",9,0.0195351599696917,0.671960734227873,0,0.0195351599696917,-0.788240756837791,9.21219056854305,0.807775916807483,TRUE,FALSE,FALSE,TRUE,2.63403767622344,36.1111234661279
"CD013729_pub2",5,0.554154226070078,0.819547012506112,0,0.554154226070078,2.71700947947353,0.199388486800378,2.16285525340345,FALSE,FALSE,TRUE,FALSE,3.21256525629875,0.781588506121363
"CD013731_pub2",6,-0.188553291220788,0.620327865925613,1.41927281669061,-0.456929054602364,-0.59486746947651,1.15709340921812,0.406314178255722,TRUE,FALSE,FALSE,TRUE,2.43164055164159,4.53572281763234
"CD013745_pub2",9,0.279073733595363,0.128020521317393,0.0168437757485258,0.302479927183734,0.430351310124406,0.378686521399591,0.151277576529043,TRUE,TRUE,FALSE,FALSE,0.501831222128264,1.48442388674791
"CD013748_pub2",16,-0.462855677058222,0.155182186511397,0,-0.462855677058222,-0.619182509335348,0.206607955616716,0.156326832277127,TRUE,TRUE,TRUE,TRUE,0.608302993209032,0.809888303856427
"CD013757_pub3",6,-0.75979170335675,0.143950457383012,0,-0.75979170335675,-0.379427353272858,0.65279112949138,0.380364350083892,TRUE,TRUE,FALSE,FALSE,0.564275424057544,2.55889420646066
"CD013758_pub2",11,0.0166797366595395,0.609098842257634,0,0.0166797366595395,2.1313813454397,10.7704175794407,2.11470160878017,TRUE,FALSE,FALSE,TRUE,2.38762358770001,42.2192611083216
"CD013763_pub3",62,0.016542672913868,0.256265476889493,0,0.016542672913868,1.41534397540558,5.9437727210968,1.39880130249171,TRUE,FALSE,FALSE,TRUE,1.00454221036878,23.2991609312827
"CD013764_pub2",6,-0.118626353312472,0.108626547836182,0,-0.118626353312472,-0.0641899170168244,0.0982443823831508,0.0544364362956479,TRUE,FALSE,FALSE,TRUE,0.42580824304767,0.385110902308714
"CD013773_pub2",9,-0.0622834707121286,0.668221958331126,0,-0.0622834707121286,2.41219387539365,50.4144038833958,2.47447734610578,TRUE,FALSE,FALSE,TRUE,2.61938194401566,197.620831827024
"CD013774_pub2",5,0.0257845990777972,0.895077437886887,0,0.0257845990777972,-0.27099791505126,221.45377585498,0.296782514129057,TRUE,FALSE,FALSE,TRUE,3.50863908326537,868.082849832332
"CD013781_pub2",73,-0.427520936619339,0.108155581216365,0.192100768406678,-0.199227927442756,-0.60738183540331,0.203991338011725,0.179860898783971,TRUE,TRUE,TRUE,TRUE,0.423962087822144,0.799631351322234
"CD013789_pub2",16,-0.604981758255798,0.506049704182584,0,-0.604981758255798,2.23848040690897,14.6638315264876,2.84346216516477,TRUE,FALSE,FALSE,TRUE,1.98367838917003,57.4811633345575
"CD013810_pub2",4,-0.0301984401377387,1.00162136743186,0,-0.0301984401377387,-0.196103820844073,64.180294762627,0.165905380706334,TRUE,FALSE,FALSE,TRUE,3.9262836126244,251.582132503827
"CD013816_pub2",8,-0.0975097306855626,0.600862600544642,0,-0.0975097306855626,-0.296828889587558,2.45136913135869,0.199319158901995,TRUE,FALSE,FALSE,TRUE,2.35533811344915,9.60919042055255
"CD013821_pub2",6,-0.746027512190641,0.818646036199571,0,-0.746027512190641,-1.59603911727073,120.409957339068,0.850011605080087,TRUE,FALSE,FALSE,TRUE,3.20903349407527,471.998359529154
"CD013822_pub2",14,-0.137949398422454,0.336966516870555,0,-0.137949398422454,-0.21785116949547,0.28858450322432,0.0799017710730156,TRUE,FALSE,FALSE,TRUE,1.32088447412439,1.1312304656321
"CD013827_pub2",7,0.115772919143295,0.112810814794957,0.0141158394751629,0.112795759955301,0.132877887156915,0.123283276490474,0.0171049680136198,TRUE,FALSE,FALSE,TRUE,0.442210268129466,0.483261563634845
"CD013830_pub2",6,-0.246560593670717,0.0660617152804941,2.35414256951854e-07,-0.246560594556782,-0.314809931404287,0.355916773291806,0.0682493377335697,TRUE,TRUE,FALSE,FALSE,0.258957165413416,1.39516811429129
"CD013834_pub2",41,-0.0901281447550252,0.317161698938571,0,-0.0901281447550252,0.316318883176461,4.14111177636443,0.406447027931486,TRUE,FALSE,FALSE,TRUE,1.24325101439027,16.2328598752579
"CD013844_pub2",12,-0.495019679663321,0.474073113838513,1.85401015997828,0.0100254114006804,-0.389276211658885,0.811477517275813,0.105743468004437,TRUE,FALSE,FALSE,TRUE,1.85833245832448,3.18093341624914
"CD013853_pub2",12,0.0627624432156841,0.390590731100831,0,0.0627624432156841,0.0377256572442037,0.548968394462693,0.0250367859714803,TRUE,FALSE,FALSE,TRUE,1.5310875313056,2.15191656359531
"CD013874_pub3",20,-0.499761035180615,0.287173664482595,0.279432639283719,-0.628051966069209,-0.555252314380762,0.43623030619787,0.0554912792001466,TRUE,FALSE,FALSE,TRUE,1.12570007938855,1.70999137822541
"CD013875_pub2",3,-0.0285659571296559,0.272459176510173,0,-0.0285659571296559,-0.220720602463778,0.172310894938547,0.192154645334122,TRUE,FALSE,FALSE,TRUE,1.06802034643476,0.675446296446835
"CD014040_pub2",16,0.497895447258629,0.132374415909283,0.177469535457254,0.341242618155173,-0.0740960517128761,0.167293785342737,0.571991498971505,FALSE,TRUE,FALSE,FALSE,0.518898175313443,0.655779588218278
"CD014089",51,0,0.39605901719067,0,0,0,1e-08,0,TRUE,FALSE,FALSE,TRUE,1.55252281889208,3.91992796908011e-08
"CD014145_pub2",7,-0.764242393582071,0.535691570708236,0.693713974577693,-0.832675400763551,0.0262284656966346,2.23264081481058,0.790470859278706,TRUE,FALSE,FALSE,TRUE,2.09987237081967,8.75179117488579
"CD014300_pub2",3,-0.358950935574158,1.1555762399278,0,-0.358950935574158,-2.06931835828987,169.970286459375,1.71036742271571,TRUE,FALSE,FALSE,TRUE,4.52977562329739,666.271279804663
"CD014428_pub2",18,-0.0485887257521581,0.47530063459996,0,-0.0485887257521581,-0.540826964173272,3.67610456259869,0.492238238421114,TRUE,FALSE,FALSE,TRUE,1.86314425128991,14.4100650921936
"CD014541_pub2",4,-0.778393098692388,0.353918867680739,0.320709074545911,-0.469211029583394,-1.81495626860873e-06,0.27970470324291,0.77839128373612,FALSE,TRUE,FALSE,FALSE,1.38733646820689,1.09642228932514
"CD014544_pub2",37,-0.565650977507057,0.332089986144176,0,-0.565650977507057,0.73336988619523,10.7510491849894,1.29902086370229,TRUE,FALSE,FALSE,TRUE,1.30176882493798,42.1433383971958
"CD014573",3,-0.0341241271651771,1.15471736338174,0,-0.0341241271651771,-0.544305793440938,7896.44772692044,0.510181666275761,TRUE,FALSE,FALSE,TRUE,4.52640888910253,30953.5063011345
"CD014580_pub2",7,1.11763682590807,0.725298155779602,2.88787410135961,0.498720199756379,0.527559129071513,1.18314888451268,0.590077696836557,TRUE,FALSE,FALSE,TRUE,2.84311652676268,4.63785840398718
"CD014585_pub2",22,-0.694175310812591,0.131671449017245,0.208179676188345,-0.630485298072184,-0.711374463534963,0.177349806745727,0.0171991527223722,TRUE,TRUE,TRUE,TRUE,0.516142595732003,0.695198467773525
"CD014594_pub2",64,-0.10067802761839,0.175471498182606,0.853667635525091,0.521217545506051,-0.0251482889373325,0.213299474710427,0.0755297386810577,TRUE,FALSE,FALSE,TRUE,0.687835633502385,0.836118576707499
"CD014617_pub3",4,0.292212019719848,0.164718516531377,0.0163211898000244,0.299509775086602,0.415521768722324,0.197355769386054,0.123309749002476,TRUE,FALSE,TRUE,FALSE,0.645684719976728,0.773620400275718
"CD014624_pub2",80,0.460511592519137,0.0525532335913436,0.00420609242064024,0.460752733964316,0.132774547076387,0.140751155326942,0.32773704544275,FALSE,TRUE,FALSE,FALSE,0.206004890220308,0.551734390446419
"CD014666_pub2",28,-0.160514323657136,0.3797941603512,0,-0.160514323657136,3.14321805773503,15.1578902993615,3.30373238139217,TRUE,FALSE,FALSE,TRUE,1.48876575165396,59.4178381367152
"CD014678_pub2",40,-0.00850791538251607,0.0652109847300222,0.0571219411327336,-0.0575577388176897,-0.0612336202357795,0.158085127784311,0.0527257048532634,TRUE,FALSE,FALSE,TRUE,0.25562236293447,0.619682313897325
"CD014687_pub2",17,0.398973802551704,0.328695699891435,0.377140318732056,0.478127899528939,0.450044434597492,0.557013048479949,0.0510706320457883,TRUE,FALSE,FALSE,TRUE,1.2884634673208,2.18345102787913
"CD014688_pub2",11,-0.300365597621765,0.605031307697202,0,-0.300365597621765,1.98710263602111,55.3073600392207,2.28746823364288,TRUE,FALSE,FALSE,TRUE,2.37167914521137,216.800867513725
"CD014713_pub2",7,0.10603842072341,0.097469460714988,0.0154629022519957,0.113831527159256,0.236473346287177,0.251153168089951,0.130434925563767,TRUE,FALSE,FALSE,TRUE,0.382073265187836,0.984502328118876
"CD014722_pub2",49,-0.552012840371389,0.220577099611326,0.355067435049135,-0.541852992834994,-0.68554039649214,0.255594737201115,0.133527556120752,TRUE,TRUE,TRUE,TRUE,0.864646342105005,1.00191295910433
"CD014736_pub2",8,-0.164683907806022,0.713983028482734,0,-0.164683907806022,0.596783596764281,37.3389026008987,0.761467504570303,TRUE,FALSE,FALSE,TRUE,2.79876204279799,146.365808640021
"CD014741_pub2",22,0.0970383805555709,0.140190665381913,0.0603853138200413,-0.0245278642071469,0.261937207963218,0.484291784012604,0.164898827407647,TRUE,FALSE,FALSE,TRUE,0.54953731023451,1.89838890934671
"CD014758_pub3",124,-0.109117612703495,0.180504083625601,0,-0.109117612703495,-4.3918785165491,9.89406207646664,4.2827609038456,TRUE,FALSE,FALSE,TRUE,0.70756300593717,38.7840106613564
"CD014762_pub2",6,-0.749081554463749,0.319189086661811,0.319578085716458,-0.906885550855839,-0.659233559756288,0.341266851998769,0.0898479947074614,TRUE,TRUE,FALSE,FALSE,1.25119822823077,1.3377414780699
"CD014763_pub2",15,-1.70055412359292,0.217082763971172,0,-1.70055412359292,0.207729012563095,0.406632547574032,1.90828313615601,FALSE,TRUE,FALSE,FALSE,0.850948798095813,1.59397029637375
"CD014769_pub2",27,-0.167274698918384,0.0821985796838195,0.0323678441376457,-0.136801871780803,-0.152696869739609,0.17139380504249,0.0145778291787748,TRUE,TRUE,FALSE,FALSE,0.322212511521264,0.67185137011312
"CD014785_pub2",3,0.225608574707776,0.164455914317981,0,0.225608574707776,0.155335603500892,0.106948958762417,0.0702729712068839,TRUE,FALSE,FALSE,TRUE,0.644655338215694,0.419232214716795
"CD014792_pub2",6,0.0794082768379773,0.255432567821882,0.0199241851303031,0.102386296161323,-0.00889380905348748,0.38191144647208,0.0883020858914648,TRUE,FALSE,FALSE,TRUE,1.00127726681895,1.49706536073775
"CD014803_pub2",10,-0.044913212563219,0.335561330819262,0,-0.044913212563219,-0.110413648581745,0.388370668856533,0.0655004360185259,TRUE,FALSE,FALSE,TRUE,1.31537624602017,1.52238504722107
"CD014811_pub2",8,0.00552443895698198,0.714044586259034,0,0.00552443895698198,0.358901770585261,3.8574199638021,0.353377331628279,TRUE,FALSE,FALSE,TRUE,2.79900334484702,15.1208084045958
"CD014820_pub2",138,-0.055664782605207,0.0300454617560616,0,-0.055664782605207,-0.0759160676616091,0.0664664805029825,0.0202512850564022,TRUE,FALSE,FALSE,TRUE,0.117776045881512,0.260543815929959
"CD014844_pub2",6,-0.271180192017009,0.272092142856172,0.166279001333376,-0.277223409708673,0.165926462667777,0.389753930764078,0.437106654684786,TRUE,FALSE,FALSE,TRUE,1.06658160094885,1.52780733426102
"CD014845_pub2",21,-0.331196622957251,0.441280423069845,0,-0.331196622957251,-3.79188740665706,6.21926802403724,3.46069078369981,TRUE,FALSE,FALSE,TRUE,1.72978747259899,24.3790826746292
"CD014852_pub2",18,-0.0170031132980507,0.0575736169028011,0,-0.0170031132980507,-0.246237724783922,0.300628597527391,0.229234611485872,TRUE,FALSE,FALSE,TRUE,0.225684431178393,1.17844244775295
"CD014855_pub2",18,0.0300292825009514,0.228124536594956,0.377621051876632,0.0978660092092429,-0.432184431102645,0.724235470383693,0.462213713603596,TRUE,FALSE,FALSE,TRUE,0.894231751432007,2.83895087655693
"CD014861_pub2",3,0.388657146408327,0.792622328124467,0,0.388657146408327,0.170546151173233,2.32683002518216,0.218110995235094,TRUE,FALSE,FALSE,TRUE,3.10702243293249,9.12100609500691
"CD014869_pub2",8,0.00729772924796753,0.155247495009015,0.0174214307684957,0.0392808358801363,0.112823795506988,0.438537837776923,0.10552606625902,TRUE,FALSE,FALSE,TRUE,0.608558997815462,1.71903673580168
"CD014872_pub2",35,-0.306084690269024,0.339957954308604,0,-0.306084690269024,0.580674695216275,9.76116625009724,0.886759385485299,TRUE,FALSE,FALSE,TRUE,1.33261069340555,38.263068594597
"CD014889_pub2",6,-0.927446551237027,0.311246574144796,0,-0.927446551237027,-1.12647490924262,0.631781247490484,0.199028358005594,TRUE,TRUE,FALSE,FALSE,1.22006415127055,2.47653698237827
"CD014914_pub2",41,0.120777357672642,0.136402025759042,0.392573848032302,0.0947775895882018,0.154997828554121,0.281728485812695,0.034220470881479,TRUE,FALSE,FALSE,TRUE,0.534686115812054,1.10435537122377
"CD014923_pub2",10,1.77325610717759,0.633878094804159,1.569368040776,2.28317961234865,3.53384819086513,1.01274659912334,1.76059208368754,TRUE,TRUE,TRUE,TRUE,2.48475647281003,3.96989371949433
"CD014932_pub2",11,-0.10117040248213,0.609330184543781,0,-0.10117040248213,-1.12685720087175,5.11516646940055,1.02568679838962,TRUE,FALSE,FALSE,TRUE,2.38853043279791,20.051084109904
"CD014935_pub2",3,0.0275873316526231,0.57707177753902,0,0.0275873316526231,0.180854812374071,1.2611881023498,0.153267480721448,TRUE,FALSE,FALSE,TRUE,2.26207980094198,4.94376651667204
"CD014937_pub2",46,-0.403771998327358,0.131085791423574,0.406691827187258,-0.346973410873384,-0.276597937997363,0.239552704193821,0.127174060329996,TRUE,TRUE,FALSE,FALSE,0.51384686015027,0.939029345238131
"CD014944_pub2",11,-0.0290357955961422,0.223107472668586,0.300559700499138,0.0750025332524851,0.304682438199603,0.595392406204481,0.333718233795745,TRUE,FALSE,FALSE,TRUE,0.874565222224365,2.33389534565885
"CD014960_pub2",5,0.444219152393737,0.340377342910696,0,0.444219152393737,0.297198248489258,0.955891332307884,0.147020903904479,TRUE,FALSE,FALSE,TRUE,1.33425466651681,3.74702516891492
"CD014964_pub2",77,0.638284382179831,0.134029654938706,0.636011072159699,0.710013378451554,1.08957228751089,0.23137350726772,0.451287905331061,TRUE,TRUE,TRUE,TRUE,0.525386593080391,0.906967482442895
"CD014966_pub2",79,-0.115244598093911,0.045678179206897,0.0981301537259731,-0.119467193496854,-0.189911333543904,0.0739701357022251,0.0746667354499925,TRUE,TRUE,TRUE,TRUE,0.179055172249769,0.289957603815803
"CD014967_pub2",15,-0.0551977406992684,0.36165702556139,1.44717172979642,-0.148217440327816,-0.208427487783679,0.52941849661877,0.153229747084411,TRUE,FALSE,FALSE,TRUE,1.41766948971241,2.07528237224426
"CD014999_pub2",4,-0.35963267582995,0.272190223048794,9.22771894112976e-07,-0.359631806090051,0.976209669786406,0.0978325998634453,1.33584234561636,FALSE,FALSE,TRUE,FALSE,1.06696606823912,0.383496744492542
"CD015003_pub2",9,-0.382949765863473,0.213733103359254,0.141043056581992,-0.149844751160962,-0.0594847521652244,0.341148356469741,0.323465013698249,TRUE,FALSE,FALSE,TRUE,0.837818369776228,1.33727698413145
"CD015014_pub2",7,0.0297598668819522,0.168832379074912,0.0140991614082903,0.0539578701396813,0.208821376761424,0.374859478849888,0.179061509879472,TRUE,FALSE,FALSE,TRUE,0.661810764822081,1.46942215561847
"CD015033_pub2",14,0.373712255041853,0.510071871566895,0,0.373712255041853,3.31243226249597,0.356441618486581,2.93872000745411,FALSE,FALSE,TRUE,FALSE,1.99944499559611,1.39722546964973
"CD015038_pub2",12,-1.3563471605173,0.523824491286237,1.18334021931646,-0.1875659082794,-1.11434241495583,1.17003781611471,0.242004745561468,TRUE,TRUE,FALSE,FALSE,2.05335427428208,4.58646396026946
"CD015040_pub2",16,-0.2628190014543,0.510710541217732,0,-0.2628190014543,1.84496138280884,7.01150844798748,2.10778038426314,TRUE,FALSE,FALSE,TRUE,2.00194853462343,27.4846080707076
"CD015042_pub2",3,0.903941322270675,0.231573092202105,0,0.903941322270675,0.849776698704487,0.407348716798902,0.0541646235661873,TRUE,TRUE,TRUE,TRUE,0.907749841009398,1.59677762814891
"CD015046_pub2",3,-0.296739517198805,0.451008172557988,2.07154632192123e-06,-0.296740120069054,-1.05093324951433,0.408426123095137,0.754193732315525,TRUE,FALSE,TRUE,FALSE,1.76791954989376,1.60100098322358
"CD015060_pub2",13,-0.202212692748622,0.405295211926589,0.498704991631335,-0.292658319673087,-0.444451907059201,0.911525711780489,0.242239214310579,TRUE,FALSE,FALSE,TRUE,1.58872803696528,3.57311513214399
"CD015064_pub2",14,0.462802281273277,0.190377037668619,0.223132555623274,0.293375074702676,0.438737510954065,0.332138230966641,0.0240647703192123,TRUE,TRUE,FALSE,FALSE,0.746264274627836,1.30195794116692
"CD015066_pub2",6,-0.196069526607813,0.819418160861418,0,-0.196069526607813,-1.6185375067989,139.410034655341,1.42246798019108,TRUE,FALSE,FALSE,TRUE,3.21206016713286,546.477294015899
"CD015083_pub2",130,0.0417002295155947,0.175771747427234,0,0.0417002295155947,3.24213513535795,10.3529221308407,3.20043490584236,TRUE,FALSE,FALSE,TRUE,0.689012588914098,40.5827090223908
"CD015084_pub2",6,0.626800768558796,0.350921592511544,0,0.626800768558796,0.699993025980447,0.656410673411907,0.0731922574216507,TRUE,FALSE,FALSE,TRUE,1.37558736544013,2.57308255791004
"CD015087_pub2",13,-0.561625473117096,0.316654719073971,0,-0.561625473117096,-0.671229855722765,0.794050330233707,0.109604382605668,TRUE,FALSE,FALSE,TRUE,1.24126368983926,3.1126200983404
"CD015101",23,-0.342332381235843,0.408397292229666,0,-0.342332381235843,-1.21273269781274,1.39906398085144,0.870400316576898,TRUE,FALSE,FALSE,TRUE,1.60088796830765,5.48423002907211
"CD015120_pub2",64,0.402234545236422,0.253495392579533,0,0.402234545236422,0.83140135308376,1.87592030278683,0.429166807847338,TRUE,FALSE,FALSE,TRUE,0.993683679405452,7.35347246265931
"CD015122_pub2",10,-0.881961271716566,0.226829265011192,0.0844075460987582,-0.861643698264947,-0.135191402478938,0.639675091246042,0.746769869237628,TRUE,TRUE,FALSE,FALSE,0.889154380123257,2.50748028129923
"CD015123_pub2",5,-0.624079760317288,0.162407529020712,0,-0.624079760317288,-0.575968805860666,0.578629334214004,0.0481109544566222,TRUE,TRUE,FALSE,FALSE,0.636625815397478,2.26818531091568
"CD015124_pub2",25,-0.0523148708889576,0.563436169819011,0,-0.0523148708889576,-2.23915634407928,1e-08,2.18684147319032,FALSE,FALSE,TRUE,FALSE,2.20862920086491,3.91992793780105e-08
"CD015134_pub2",4,-0.64916618435599,0.175664099654035,0.0196275884000509,-0.615972743335389,-0.829249754344277,0.751721021334164,0.180083569988287,TRUE,TRUE,FALSE,FALSE,0.688590617397125,2.94669225647325
"CD015140_pub2",7,0.0170186097061289,0.760718047831597,0,0.0170186097061289,-0.265884685216517,0.588577461263113,0.282903294922646,TRUE,FALSE,FALSE,TRUE,2.9819599522791,2.30718125237544
"CD015160_pub2",20,0.243135548897852,0.254746859844344,0.317167501717195,0.417243419103379,0.180055911417757,0.40673603376654,0.063079637480095,TRUE,FALSE,FALSE,TRUE,0.998589340939172,1.59437595479417
"CD015192_pub2",24,-0.385372595381121,0.212730271880019,0,-0.385372595381121,-0.386709715197635,0.422459806677194,0.00133711981651452,TRUE,FALSE,FALSE,TRUE,0.833887342612504,1.65601201200611
"CD015215_pub2",11,0.601202542613609,0.39356686226871,0.376871813806618,0.639272784672326,0.543216957217991,0.308357665383235,0.057985585395617,TRUE,FALSE,FALSE,TRUE,1.54275375111021,1.20873983701599
"CD015219_pub2",45,-0.214010337962931,0.180993549554163,0.68340530743085,-0.248277801453699,-0.196227824251231,0.29800528743613,0.0177825137117002,TRUE,FALSE,FALSE,TRUE,0.709481677120451,1.16815926115464
"CD015252_pub2",8,0.332488369628731,0.214855190213959,0,0.332488369628731,0.202056904372687,0.232426559673814,0.130431465256044,TRUE,FALSE,FALSE,TRUE,0.842216869421723,0.911095372022452
"CD015255_pub2",4,-0.588041124499255,0.76673626662822,1.35004999969503,-0.0263589798974026,-0.262125388658902,0.89419232231406,0.325915735840354,TRUE,FALSE,FALSE,TRUE,3.00555093646402,3.50516949397558
"CD015284_pub2",19,0.248885522881641,0.10377608593207,0,0.248885522881641,0.298141224805573,0.239600348528724,0.0492557019239323,TRUE,TRUE,FALSE,FALSE,0.406794781766783,0.939216107599088
"CD015314_pub2",50,0.397006469047481,0.0732087854517951,0.124263761269591,0.35673814025036,0.224291491694008,0.150811834042002,0.172714977353472,TRUE,TRUE,FALSE,FALSE,0.286973165674876,0.591171526329513
"CD015326_pub2",22,-0.0342552492413333,0.428752681973228,0,-0.0342552492413333,-2.13733487470716,10.6113352968904,2.10307962546583,TRUE,FALSE,FALSE,TRUE,1.68067962988497,41.5956700195675
"CD015331_pub2",30,-0.0893515478183595,0.369078263222434,0,-0.0893515478183595,3.09001993656977,8.86875244812378,3.17937148438813,TRUE,FALSE,FALSE,TRUE,1.44676020678513,34.7648707722481
"CD015332_pub2",11,-0.00483508391968336,0.611651799874368,0,-0.00483508391968336,0.68288332689732,8.08831572852709,0.687718410817003,TRUE,FALSE,FALSE,TRUE,2.39763099766572,31.7056150470039
"CD015350_pub2",16,0.0734873213929889,0.255163652420713,0,0.0734873213929889,0.0335311908965158,0.227839603085484,0.0399561304964731,TRUE,FALSE,FALSE,TRUE,1.00022313781659,0.893114832598899
"CD015373_pub2",4,0.799474295289775,0.563573866415358,0,0.799474295289775,0.975060058612393,0.567263329826749,0.175585763322618,TRUE,FALSE,FALSE,TRUE,2.20916896160418,2.22363139242139
"CD015383_pub2",6,0.0133237846052433,0.839242003041517,0,0.0133237846052433,3.6021476839218,16.7508765363051,3.58882389931655,TRUE,FALSE,FALSE,TRUE,3.28976820054925,65.6622294412699
"CD015387_pub2",35,0.548888477553444,0.0875973932628348,0.102501934758944,0.460011188274114,0.684684477995901,0.151287931765611,0.135796000442457,TRUE,TRUE,TRUE,TRUE,0.343375471869495,0.5930377951123
"CD015432_pub2",10,-0.957662023934476,0.231677317684308,0,-0.957662023934476,-0.81145222975819,0.0707928476258507,0.146209794176287,FALSE,TRUE,TRUE,TRUE,0.908158397392176,0.277502863419398
"CD015443_pub2",17,-0.112535583885623,0.131851736592353,0.154117905886723,-0.134494910925872,-0.0834417988161107,0.228159870919875,0.0290937850695123,TRUE,FALSE,FALSE,TRUE,0.516849310040147,0.894370259440524
"CD015448_pub2",16,-0.0202515231509084,0.50405339552497,0,-0.0202515231509084,-0.530630181398509,2.37365015532467,0.510378658247601,TRUE,FALSE,FALSE,TRUE,1.97585300302813,9.30453763266852
"CD015476_pub2",36,0.311236337130581,0.0382350740651869,0.0212807148242002,0.313487245567248,0.201113948448911,0.0787039695520824,0.11012238868167,TRUE,TRUE,TRUE,TRUE,0.149878736227976,0.308513891524837
"CD015495",18,0.586919368567075,0.227331632444467,0.00140237684513728,0.588848094519794,0.437030447265503,0.277440318882507,0.149888921301572,TRUE,TRUE,FALSE,FALSE,0.891123624275706,1.08754606573804
"CD015517",72,-0.0933962729429732,0.237274426742158,0,-0.0933962729429732,1.5939093179635,7.1153433045437,1.68730559090648,TRUE,FALSE,FALSE,TRUE,0.930098661734033,27.8916332290877
"CD015518",88,-0.0576678511074821,0.214772069830461,0,-0.0576678511074821,-1.04459909324334,7.10831451490387,0.986931242135854,TRUE,FALSE,FALSE,TRUE,0.841891043505652,27.8640808799898
"CD015519_pub2",13,-0.00668040258180432,0.559028300291126,0,-0.00668040258180432,-0.153037521246425,5.0117505033748,0.14635711866462,TRUE,FALSE,FALSE,TRUE,2.1913506698185,19.6457009722302
"CD015520",39,-0.130530414768484,0.322510037641135,0,-0.130530414768484,-1.82289495573494,11.3297050540087,1.69236454096645,TRUE,FALSE,FALSE,TRUE,1.26421611685856,44.411627722637
"CD015524_pub2",10,0.249684496399776,0.545404437318297,0,0.249684496399776,0.434330677896994,0.468659094401791,0.184646181497218,TRUE,FALSE,FALSE,TRUE,2.13794610830439,1.83710989210933
"CD015530_pub2",5,-0.579895851608645,0.311354675116224,0.173494878648714,-0.344244561022348,-0.579140395943439,0.634248201369522,0.000755455665205962,TRUE,FALSE,FALSE,TRUE,1.22048789929194,2.48620726388714
"CD015532",22,-0.0735602871259607,0.118638290304103,0.0750184965057136,-0.130743790003835,-0.364699191786062,0.321349654672202,0.291138904660101,TRUE,FALSE,FALSE,TRUE,0.4650535523669,1.2596674992038
"CD015551_pub2",5,-0.958014004721253,0.489549750289217,0.886584584426158,-0.550326507653833,-0.862509428487959,0.745619828625016,0.0955045762332943,TRUE,FALSE,FALSE,TRUE,1.91899975841488,2.92277602052792
"CD015584_pub2",21,0.0328682571959445,0.280679079001647,0.482024965176181,-0.14079600290803,0.00785819560084063,0.418465656898929,0.0250100615951038,TRUE,FALSE,FALSE,TRUE,1.1002417721142,1.64035523257759
"CD015588_pub2",30,-0.178424966521724,0.0585366831513974,0.0135781792078085,-0.151585869406755,-0.150266015593497,0.131133092105307,0.0281589509282277,TRUE,TRUE,FALSE,FALSE,0.229459581502343,0.514032275415549
"CD015592_pub3",3,-0.261288151484898,0.432485424748285,0.479717171884782,-0.113670679866839,0.0396018242371061,1.19708038219724,0.300889975722004,TRUE,FALSE,FALSE,TRUE,1.69531171269029,4.69246887141207
"CD015636_pub2",7,0.0700431332698192,0.942842463896477,0,0.0700431332698192,0.290850112853619,1e-08,0.2208069795838,FALSE,FALSE,TRUE,FALSE,3.6958745446642,3.91992797110774e-08
"CD015673_pub2",8,0.202129301852266,0.157215549984303,0.0621257220706525,0.170794649813137,0.27786888860546,0.333658276281675,0.0757395867531939,TRUE,FALSE,FALSE,TRUE,0.61627363155778,1.30791640931159
"CD015701_pub2",5,0.00420131074162085,0.104791641159647,0.0212274093263169,0.0172452095612391,0.017756557470786,0.136395430378502,0.0135552467291652,TRUE,FALSE,FALSE,TRUE,0.410775685107505,0.534660262395407
"CD015711_pub2",3,0.301387005140762,0.349764500683917,0,0.301387005140762,0.298271111535755,0.248456007814976,0.00311589360500664,TRUE,FALSE,FALSE,TRUE,1.37105164882222,0.973929654119911
"CD015721_pub2",6,0.0902834912569393,0.0881379398846897,6.84993907280558e-06,0.0902840751831977,0.159402115689707,0.126490357671079,0.0691186244327676,TRUE,FALSE,FALSE,TRUE,0.345494375691096,0.49583309085381
"CD015746_pub2",26,-1.10713917110722,0.246559324720783,0.88001071430216,-0.891794650359068,-1.35678291863539,0.380787907372796,0.249643747528169,TRUE,TRUE,TRUE,TRUE,0.966494793010501,1.49266116839811
"CD015749_pub2",8,0.239243939033832,0.716203810168507,0,0.239243939033832,2.69996602049057,20.5171774939558,2.46072208145674,TRUE,FALSE,FALSE,TRUE,2.80746734704127,80.4258579051381
"CD015751_pub2",6,-0.295188395293169,0.825410500285124,0,-0.295188395293169,1.39555673956214,23.8471101125886,1.69074513485531,TRUE,FALSE,FALSE,TRUE,3.23554970604006,93.4789539120693
"CD015779",8,-1.49974745509168,0.397902899530806,0.372164546318405,-1.2863451496873,-0.664428043380085,0.685559392821639,0.835319411711591,TRUE,TRUE,FALSE,FALSE,1.55975070484888,2.68734343838712
"CD015786_pub2",7,-0.995002129862097,0.548794795770802,0,-0.995002129862097,-1.76082985598684,0.0438197021313071,0.76582772612474,FALSE,FALSE,TRUE,FALSE,2.15123606922757,0.17177007598127
"CD015788_pub2",4,-0.0360574507093378,1.00415949169422,0,-0.0360574507093378,-0.453894297679844,17.304481668319,0.417836846970506,TRUE,FALSE,FALSE,TRUE,3.93623287690943,67.8323216820778
"CD015790_pub2",3,0.063258541395118,1.15840035703417,0,0.063258541395118,-0.184364373692217,9.59760322448007,0.247622915087335,TRUE,FALSE,FALSE,TRUE,4.54084595893065,37.6219133157729
"CD015802_pub2",3,-0.545631579210627,0.436318651233151,0.0837793331020821,-0.535500040738689,-0.487505643134468,0.704356686994053,0.0581259360761588,TRUE,FALSE,FALSE,TRUE,1.71033768440014,2.76102747755659
"CD015804_pub2",8,-0.00243328445131962,0.708015925384905,0,-0.00243328445131962,0.0336464754453175,4.01063363989285,0.0360797598966371,TRUE,FALSE,FALSE,TRUE,2.77537142847042,15.7213949787495
"CD015820_pub2",7,-0.450977629080601,0.768262398821295,0,-0.450977629080601,3.42106208592296,22.8836065231746,3.87203971500356,TRUE,FALSE,FALSE,TRUE,3.01153326473217,89.7020892436161
"CD015824_pub2",12,-0.478735391555712,0.154897711364194,0.136022768076926,-0.502671306335014,-0.543782333390856,0.368872749391693,0.0650469418351439,TRUE,TRUE,FALSE,FALSE,0.607187871123002,1.44595460737197
"CD015849_pub2",41,-0.172262845924745,0.0589790740063424,0.0119854040695347,-0.187761630453203,-0.0378843046056505,0.1502623006673,0.134378541319095,TRUE,TRUE,FALSE,FALSE,0.231193721787907,0.589017395084074
"CD015854",16,-0.489305459161244,0.271070755952903,0,-0.489305459161244,-0.598676746571472,0.421471754134964,0.109371287410228,TRUE,FALSE,FALSE,TRUE,1.06257783785947,1.6521389172109
"CD015894_pub2",14,0.110769167256251,0.539513091492742,0,0.110769167256251,0.159237818707744,13.621217946888,0.0484686514514926,TRUE,FALSE,FALSE,TRUE,2.11485245702728,53.394193202942
"CD015932_pub2",15,0.0682880063134831,0.165383192377132,0.0858364684696164,0.0970778892187929,-0.00716561313833328,0.334861258113109,0.0754536194518163,TRUE,FALSE,FALSE,TRUE,0.648290201414875,1.31263201143893
"CD016001",29,-0.059171992556867,0.354387649479131,0,-0.059171992556867,0.0835665996391173,0.273217017031402,0.142738592195984,TRUE,FALSE,FALSE,TRUE,1.3891740590898,1.07099102669003
"CD016002",34,-0.302790957949277,0.300113765422705,0,-0.302790957949277,-0.663415864152562,0.593674840481385,0.360624906203285,TRUE,FALSE,FALSE,TRUE,1.17642434298641,2.32716261174215
"CD016058_pub2",10,0.396400795586196,0.0711355834929787,0,0.396400795586196,0.437634601512261,0.323784763695165,0.0412338059260657,TRUE,TRUE,FALSE,FALSE,0.278846363330961,1.26921295117067
"CD016064",196,-0.06628411727757,0.143697750011975,0,-0.06628411727757,-0.0669483323089864,2.00925940458998,0.000664215031416435,TRUE,FALSE,FALSE,TRUE,0.563284829365822,7.87615213718952
"CD016119",18,0.346759447160268,0.178422879530337,0.179735776483888,0.444263759831563,0.341702404477714,0.261447448975464,0.00505704268255397,TRUE,FALSE,FALSE,TRUE,0.699404835794778,1.02485516768357
"CD016120",3,-0.957811095555695,0.684283678981215,0.709820351974083,-0.443449869211404,-0.724943994723252,0.965157885819172,0.232867100832442,TRUE,FALSE,FALSE,TRUE,2.6823427320235,3.7833493912008
"CD016131",14,-0.946052826134977,0.178381945466399,0.234486457289191,-0.964012884922359,-1.11505802882833,0.347520906084234,0.169005202693354,TRUE,TRUE,TRUE,TRUE,0.699244377212662,1.36225691959965
"CD016136",72,-0.0885192902454321,0.239343728795197,0,-0.0885192902454321,-1.66762352868863,1.99517438275556,1.5791042384432,TRUE,FALSE,FALSE,TRUE,0.938210176728217,7.82093986615565
"CD016147",7,-0.200213295357558,0.150034866465105,5.72661320037502e-07,-0.200212994370353,0.0146275478525711,0.410948613655494,0.21484084321013,TRUE,FALSE,FALSE,TRUE,0.588125869393764,1.61088896452286
"CD016148",17,-0.0696724792632966,0.0553456683771634,0.00574199599713457,-0.041399363820891,-0.193778829538075,0.217944660238717,0.124106350274778,TRUE,FALSE,FALSE,TRUE,0.216951033439075,0.854327369381409
"CD016168",4,1.1586827241707,0.77683849019475,0.743440836908922,1.65955429618469,1.5173764945381,0.302303978700681,0.358693770367402,TRUE,FALSE,TRUE,FALSE,3.04515092517236,1.185009821273
"CD016211",4,-0.43199609546437,0.084279277036215,0,-0.43199609546437,-0.414060950363798,0.0900757386777183,0.0179351451005727,TRUE,TRUE,TRUE,TRUE,0.33036869526811,0.353090407378339
"CD016278",4,-0.0574893006715788,0.0806856918944183,0.00801343984249783,-0.0372031914927337,0.128832149191922,0.143486983506516,0.186321449863501,TRUE,FALSE,FALSE,TRUE,0.31628210036151,0.562458639846127
